location,price,m2,price/m2,Rooms,floor,build,EUR price/m2
Боян Българанов 1,34324.0,43.0,(1558 лв./m2),1,6," Панел, 1980 г.",798.0
Боян Българанов 1,40471.0,43.0,(1837 лв./m2),1,6, Панел,941.0
Боян Българанов 2,34850.0,41.0,(850 EUR/m2),1,2, ДА,850.0
Болницата,60000.0,63.0,(952 EUR/m2),2,2, ДА,952.0
Болницата,64800.0,72.0,(900 EUR/m2),2,4, НЕ,900.0
Боян Българанов 2,50840.0,62.0,(820 EUR/m2),2,2, ДА,820.0
Боян Българанов 2,54940.0,67.0,(820 EUR/m2),2,2, ДА,820.0
Боян Българанов 2,63012.0,64.0,(1922 лв./m2),2,4," Панел, 1980 г.",985.0
Добруджански,69160.0,62.0,(2177 лв./m2),2,8, ЕПК,1115.0
Еверест,37398.0,65.0,(1123 лв./m2),2,3, Панел,575.0
Пазара,67623.0,66.0,(2000 лв./m2),2,4, Тухла,1025.0
Тракия,65061.0,62.0,(2048 лв./m2),2,4," Панел, 1986 г.",1049.0
Център,66086.0,70.0,(1843 лв./m2),2,4, Тухла,944.0
Болницата,89000.0,103.0,(864 EUR/m2),3,3, ДА,864.0
Болницата,94775.0,83.0,(2229 лв./m2),3,1," ЕПК, 1980 г.",1142.0
Боян Българанов 2,63960.0,78.0,(820 EUR/m2),3,2, ДА,820.0
Боян Българанов 2,70520.0,86.0,(820 EUR/m2),3,2, ДА,820.0
Боян Българанов 2,73800.0,90.0,(820 EUR/m2),3,2, ДА,820.0
Боян Българанов 2,82000.0,100.0,(820 EUR/m2),3,2, ДА,820.0
Тракия,47643.0,78.0,(1192 лв./m2),3,1," Панел, 1980 г.",611.0
Център,92213.0,85.0,(2118 лв./m2),3,2, Тухла,1085.0
Болницата,128700.0,143.0,(900 EUR/m2),4,6, ДА,900.0
Еверест,60500.0,101.0,(599 EUR/m2),4,3, НЕ,599.0
Математическа гимназия,96311.0,117.0,(1607 лв./m2),4,2, Тухла,823.0
5-ти полк,40700.0,43.0,(947 EUR/m2),1,12, НЕ,947.0
Боян Българанов 2,33299.0,48.0,(1354 лв./m2),1,5, Панел,694.0
Добруджански,36885.0,40.0,(1800 лв./m2),1,5, Панел,922.0
Добруджански,42260.0,42.0,(1006 EUR/m2),1,1," Тухла, 2022 г.",1006.0
Еверест,25102.0,40.0,(1225 лв./m2),1,1," Панел, 1990 г.",628.0
Тракия,31400.0,40.0,(785 EUR/m2),1,4, Тухла,785.0
Тракия,39447.0,40.0,(1925 лв./m2),1,2," Панел, 1985 г.",986.0
Тракия,40511.0,48.0,(844 EUR/m2),1,1," Тухла, 2022 г.",844.0
Център,16393.0,26.0,(1231 лв./m2),1,1, Тухла,630.0
Център,29201.0,30.0,(1900 лв./m2),1,1, Тухла,973.0
Болницата,55000.0,59.0,(932 EUR/m2),2,5, ДА,932.0
Болницата,55000.0,57.0,(965 EUR/m2),2,3, ДА,965.0
Болницата,55500.0,60.0,(925 EUR/m2),2,2, ДА,925.0
Болницата,56352.0,60.0,(1833 лв./m2),2,1, Панел,939.0
Болницата,56500.0,60.0,(942 EUR/m2),2,1, ДА,942.0
Болницата,58000.0,74.0,(784 EUR/m2),2,2," Панел, 1980 г.",784.0
Болницата,59500.0,63.0,(944 EUR/m2),2,1, ДА,944.0
Болницата,61000.0,63.0,(968 EUR/m2),2,1, ДА,968.0
Боян Българанов 1,44057.0,60.0,(1433 лв./m2),2,6, Панел,734.0
Боян Българанов 1,46000.0,59.0,(780 EUR/m2),2,8," Панел, 1980 г.",780.0
Боян Българанов 1,66086.0,69.0,(1870 лв./m2),2,4, Панел,958.0
Добруджански,52254.0,62.0,(1645 лв./m2),2,5, Панел,843.0
Добруджански,58914.0,62.0,(1855 лв./m2),2,2, Панел,950.0
Добруджански,61475.0,61.0,(1967 лв./m2),2,5, Панел,1008.0
Еверест,32787.0,64.0,(1000 лв./m2),2,5, Панел,512.0
Математическа гимназия,61475.0,64.0,(1875 лв./m2),2,5," Панел, 1980 г.",961.0
Пазара,58914.0,64.0,(1797 лв./m2),2,4," Панел, 1980 г.",921.0
Пазара,76844.0,68.0,(2206 лв./m2),2,4," ЕПК, 1975 г.",1130.0
Тракия,36885.0,60.0,(1200 лв./m2),2,4, Панел,615.0
Тракия,40471.0,46.0,(1717 лв./m2),2,2, Панел,880.0
Тракия,62500.0,64.0,(1906 лв./m2),2,3, Тухла,977.0
Център,36885.0,55.0,(1309 лв./m2),2,1, Тухла,671.0
Център,69000.0,70.0,(986 EUR/m2),2,2, НЕ,986.0
2-ри корпус,84360.0,105.0,(803 EUR/m2),3,2, НЕ,803.0
2-ри корпус,84529.0,105.0,(1571 лв./m2),3,2, Тухла,805.0
Болницата,83000.0,87.0,(954 EUR/m2),3,1, ДА,954.0
Болницата,84529.0,84.0,(1964 лв./m2),3,6, Панел,1006.0
Болницата,87000.0,99.0,(879 EUR/m2),3,1, ДА,879.0
Болницата,90000.0,100.0,(900 EUR/m2),3,5, ДА,900.0
Боян Българанов 2,61475.0,86.0,(1395 лв./m2),3,5, ДА,715.0
Добруджански,55840.0,76.0,(1434 лв./m2),3,8, Панел,735.0
Добруджански,61475.0,65.0,(1846 лв./m2),3,5," Панел, 1980 г.",946.0
Добруджански,78893.0,84.0,(1833 лв./m2),3,8, Панел,939.0
Добруджански,79406.0,80.0,(1938 лв./m2),3,8," Панел, 1990 г.",993.0
Пазара,81967.0,80.0,(2000 лв./m2),3,1," Тухла, 2020 г.",1025.0
Пазара,85000.0,63.0,(1349 EUR/m2),3,3, НЕ,1349.0
Пазара,102459.0,178.0,(1124 лв./m2),3,5," Тухла, 2015 г.",576.0
Пазара,105000.0,74.0,(1419 EUR/m2),3,2, НЕ,1419.0
Център,85890.0,86.0,(999 EUR/m2),3,4, НЕ,999.0
Център,86066.0,86.0,(1953 лв./m2),3,4, Тухла,1001.0
5-ти полк,70441.0,100.0,(1375 лв./m2),4,5," Панел, 1980 г.",704.0
Болницата,55840.0,89.0,(1225 лв./m2),4,9, ЕПК,627.0
Военно училище,78381.0,100.0,(1530 лв./m2),4,1," Тухла, 1962 г.",784.0
Добруджански,87090.0,92.0,(1848 лв./m2),4,3," Тухла, 1980 г.",947.0
Добруджански,112705.0,98.0,(2245 лв./m2),4,4, Тухла,1150.0
5-ти полк,28176.0,43.0,(1279 лв./m2),1,7," Панел, 1980 г.",655.0
5-ти полк,35348.0,43.0,(1605 лв./m2),1,12, ЕПК,822.0
5-ти полк,35860.0,40.0,(1750 лв./m2),1,12, ЕПК,896.0
5-ти полк,35861.0,38.0,(1842 лв./m2),1,12, ЕПК,944.0
5-ти полк,36117.0,43.0,(1640 лв./m2),1,12," ЕПК, 1980 г.",840.0
5-ти полк,41925.0,41.0,(1023 EUR/m2),1,1, НЕ,1023.0
Басейна,33965.0,42.0,(1579 лв./m2),1,3," Панел, 1990 г.",809.0
Басейна,37910.0,44.0,(1682 лв./m2),1,1," Панел, 1980 г.",862.0
Басейна,37999.0,43.0,(884 EUR/m2),1,1," Панел, 1980 г.",884.0
Басейна,38000.0,44.0,(864 EUR/m2),1,1, Панел,864.0
Басейна,38000.0,48.0,(792 EUR/m2),1,1," Панел, 1988 г.",792.0
Басейна,38000.0,44.0,(864 EUR/m2),1,1, Панел,864.0
Басейна,38000.0,46.0,(826 EUR/m2),1,1," Панел, 1980 г.",826.0
Басейна,38000.0,47.0,(809 EUR/m2),1,1, Панел,809.0
Басейна,38000.0,44.0,(864 EUR/m2),1,1," Панел, 1985 г.",864.0
Басейна,38000.0,44.0,(864 EUR/m2),1,1, Панел,864.0
Басейна,38000.0,47.0,(809 EUR/m2),1,1, НЕ,809.0
Басейна,38422.0,44.0,(1705 лв./m2),1,1," Панел, 1985 г.",873.0
Болницата,30738.0,27.0,(2222 лв./m2),1,1," Тухла, 1983 г.",1138.0
Болницата,33299.0,30.0,(2167 лв./m2),1,1," Тухла, 1960 г.",1110.0
Болницата,39191.0,40.0,(1913 лв./m2),1,6," Тухла, 1988 г.",980.0
Болницата,40984.0,43.0,(1860 лв./m2),1,12," ЕПК, 1985 г.",953.0
Болницата,46107.0,46.0,(1957 лв./m2),1,6," Панел, 1980 г.",1002.0
Болницата,47131.0,50.0,(1840 лв./m2),1,5," Панел, 1980 г.",943.0
Болницата,51230.0,47.0,(2128 лв./m2),1,1," Тухла, 1990 г.",1090.0
Боян Българанов 1,27152.0,45.0,(1178 лв./m2),1,7," Панел, 1970 г.",603.0
Боян Българанов 1,32787.0,44.0,(1455 лв./m2),1,5, НЕ,745.0
Боян Българанов 1,32816.0,41.0,(800 EUR/m2),1,2, ДА,800.0
Боян Българанов 1,32816.0,41.0,(800 EUR/m2),1,2, ДА,800.0
Боян Българанов 1,33043.0,40.0,(1613 лв./m2),1,5," Панел, 1980 г.",826.0
Боян Българанов 1,33299.0,45.0,(1444 лв./m2),1,3, Панел,740.0
Боян Българанов 1,33299.0,45.0,(1444 лв./m2),1,7," Панел, 1975 г.",740.0
Боян Българанов 1,34850.0,41.0,(850 EUR/m2),1,3," Тухла, 2022 г.",850.0
Боян Българанов 1,37910.0,44.0,(1682 лв./m2),1,3," Панел, 1977 г.",862.0
Боян Българанов 1,40471.0,41.0,(1927 лв./m2),1,6, Панел,987.0
Боян Българанов 1,40984.0,40.0,(2000 лв./m2),1,8, Панел,1025.0
Боян Българанов 2,30738.0,40.0,(1500 лв./m2),1,2," Панел, 1998 г.",768.0
Боян Българанов 2,30738.0,45.0,(1333 лв./m2),1,2," Панел, 1993 г.",683.0
Боян Българанов 2,30738.0,42.0,(1429 лв./m2),1,4, Панел,732.0
Боян Българанов 2,31250.0,47.0,(1298 лв./m2),1,1, Панел,665.0
Боян Българанов 2,31250.0,47.0,(1298 лв./m2),1,1, Панел,665.0
Боян Българанов 2,31250.0,47.0,(1298 лв./m2),1,1," Панел, 1980 г.",665.0
Боян Българанов 2,31250.0,47.0,(1298 лв./m2),1,1," Панел, 1980 г.",665.0
Боян Българанов 2,31250.0,47.0,(1298 лв./m2),1,1, Панел,665.0
Боян Българанов 2,31762.0,50.0,(1240 лв./m2),1,1," Тухла, 2020 г.",635.0
Боян Българанов 2,32275.0,48.0,(1313 лв./m2),1,6," Панел, 1988 г.",672.0
Боян Българанов 2,33299.0,45.0,(1444 лв./m2),1,5, Панел,740.0
Боян Българанов 2,33299.0,43.0,(1512 лв./m2),1,5, Панел,774.0
Боян Българанов 2,33299.0,43.0,(1512 лв./m2),1,5," Панел, 1988 г.",774.0
Боян Българанов 2,33299.0,44.0,(1477 лв./m2),1,5, Панел,757.0
Боян Българанов 2,33299.0,46.0,(1413 лв./m2),1,5," Панел, 1985 г.",724.0
Боян Българанов 2,33299.0,43.0,(1512 лв./m2),1,5, Панел,774.0
Боян Българанов 2,33299.0,43.0,(1512 лв./m2),1,5, Панел,774.0
Боян Българанов 2,33299.0,45.0,(1444 лв./m2),1,5," Панел, 1980 г.",740.0
Боян Българанов 2,33299.0,46.0,(1413 лв./m2),1,5," Панел, 1980 г.",724.0
Боян Българанов 2,33299.0,45.0,(1444 лв./m2),1,7, Панел,740.0
Боян Българанов 2,34000.0,47.0,(723 EUR/m2),1,1," Панел, 1980 г.",723.0
Боян Българанов 2,34836.0,40.0,(1700 лв./m2),1,6, Панел,871.0
Боян Българанов 2,35348.0,45.0,(1533 лв./m2),1,7," Панел, 1980 г.",786.0
Боян Българанов 2,35348.0,45.0,(1533 лв./m2),1,7, Панел,786.0
Боян Българанов 2,35348.0,45.0,(1533 лв./m2),1,7," Панел, 1990 г.",786.0
Боян Българанов 2,35348.0,47.0,(1468 лв./m2),1,7, Панел,752.0
Боян Българанов 2,35809.0,40.0,(1748 лв./m2),1,8, Панел,895.0
Боян Българанов 2,35861.0,50.0,(1400 лв./m2),1,7," Панел, 1978 г.",717.0
Гривица,43545.0,43.0,(1977 лв./m2),1,3, Панел,1013.0
Гривица,43545.0,48.0,(1771 лв./m2),1,3," Панел, 1978 г.",907.0
Гривица,43545.0,44.0,(1932 лв./m2),1,3, Панел,990.0
Дивизионна болница,35348.0,42.0,(1643 лв./m2),1,3, Панел,842.0
Добруджански,29201.0,34.0,(1676 лв./m2),1,4, Тухла,859.0
Добруджански,38166.0,44.0,(1693 лв./m2),1,1, Панел,867.0
Добруджански,42260.0,43.0,(983 EUR/m2),1,1, Тухла,983.0
Добруджански,42260.0,43.0,(983 EUR/m2),1,2," Тухла, 2021 г.",983.0
Добруджански,42260.0,42.0,(1006 EUR/m2),1,1," Тухла, 2022 г.",1006.0
Добруджански,47040.0,42.0,(1120 EUR/m2),1,2, ДА,1120.0
Добруджански,48040.0,42.0,(1144 EUR/m2),1,3, ДА,1144.0
Еверест,24590.0,40.0,(1200 лв./m2),1,1," Панел, 1990 г.",615.0
Еверест,24590.0,40.0,(1200 лв./m2),1,1," Панел, 1980 г.",615.0
Еверест,24590.0,40.0,(1200 лв./m2),1,1," Панел, 1990 г.",615.0
Еверест,25102.0,41.0,(1195 лв./m2),1,1," Панел, 1990 г.",612.0
Еверест,25102.0,40.0,(1225 лв./m2),1,1, Панел,628.0
Еверест,25102.0,42.0,(1167 лв./m2),1,1," Панел, 1980 г.",598.0
Еверест,25102.0,40.0,(1225 лв./m2),1,1," Панел, 1990 г.",628.0
Еверест,25615.0,40.0,(1250 лв./m2),1,1, Панел,640.0
Еверест,26639.0,42.0,(1238 лв./m2),1,1," Панел, 1995 г.",634.0
Еверест,32275.0,38.0,(1658 лв./m2),1,3," Панел, 1980 г.",849.0
Пазара,33299.0,35.0,(1857 лв./m2),1,7, ЕПК,951.0
Пазара,43545.0,52.0,(1635 лв./m2),1,2, ЕПК,837.0
Тракия,26383.0,38.0,(1355 лв./m2),1,6, Панел,694.0
Тракия,28176.0,40.0,(1375 лв./m2),1,4," Тухла, 1988 г.",704.0
Тракия,31250.0,40.0,(1525 лв./m2),1,7," ЕПК, 1980 г.",781.0
Тракия,31250.0,38.0,(1605 лв./m2),1,7, ЕПК,822.0
Тракия,31250.0,32.0,(1906 лв./m2),1,7," ЕПК, 1980 г.",977.0
Тракия,31250.0,37.0,(1649 лв./m2),1,7," Тухла, 1985 г.",845.0
Тракия,31250.0,38.0,(1605 лв./m2),1,7," ЕПК, 1980 г.",822.0
Тракия,31506.0,40.0,(1538 лв./m2),1,4," Панел, 1985 г.",788.0
Тракия,31506.0,40.0,(1538 лв./m2),1,4," Панел, 1980 г.",788.0
Тракия,31506.0,40.0,(1538 лв./m2),1,4," Панел, 1980 г.",788.0
Тракия,31506.0,40.0,(1538 лв./m2),1,4, Панел,788.0
Тракия,31506.0,40.0,(1538 лв./m2),1,4, Тухла,788.0
Тракия,31506.0,40.0,(1538 лв./m2),1,4," Тухла, 1983 г.",788.0
Тракия,31506.0,40.0,(1538 лв./m2),1,4, Тухла,788.0
Тракия,31506.0,40.0,(1538 лв./m2),1,4, Тухла,788.0
Тракия,31506.0,40.0,(1538 лв./m2),1,4," Панел, 1991 г.",788.0
Тракия,31506.0,40.0,(1538 лв./m2),1,4, Тухла,788.0
Тракия,31506.0,40.0,(1538 лв./m2),1,4, Тухла,788.0
Тракия,31700.0,38.0,(834 EUR/m2),1,7, ДА,834.0
Тракия,31762.0,38.0,(1632 лв./m2),1,7, ЕПК,836.0
Тракия,31762.0,38.0,(1632 лв./m2),1,7, ЕПК,836.0
Тракия,31762.0,38.0,(1632 лв./m2),1,7, ЕПК,836.0
Тракия,33811.0,41.0,(1610 лв./m2),1,8," Панел, 1980 г.",825.0
Тракия,34068.0,45.0,(1478 лв./m2),1,6," Панел, 1987 г.",757.0
Тракия,34324.0,40.0,(1675 лв./m2),1,5," Панел, 1980 г.",858.0
Тракия,35861.0,42.0,(1667 лв./m2),1,8, Панел,854.0
Тракия,39447.0,40.0,(1925 лв./m2),1,2," Панел, 1980 г.",986.0
Тракия,39447.0,40.0,(1925 лв./m2),1,2," Панел, 1980 г.",986.0
Тракия,39447.0,40.0,(1925 лв./m2),1,2," Панел, 1985 г.",986.0
Тракия,39447.0,40.0,(1925 лв./m2),1,2," Панел, 1985 г.",986.0
Тракия,39447.0,40.0,(1925 лв./m2),1,2," Панел, 1980 г.",986.0
Тракия,39447.0,40.0,(1925 лв./m2),1,2, Панел,986.0
Тракия,39447.0,40.0,(1925 лв./m2),1,2," Панел, 1980 г.",986.0
Тракия,39447.0,40.0,(1925 лв./m2),1,2, Панел,986.0
Тракия,39447.0,40.0,(1925 лв./m2),1,2, Панел,986.0
Тракия,39447.0,40.0,(1925 лв./m2),1,2," Панел, 1985 г.",986.0
Тракия,39447.0,40.0,(1925 лв./m2),1,2, НЕ,986.0
Тракия,39447.0,40.0,(1925 лв./m2),1,2, Панел,986.0
Тракия,39447.0,40.0,(1925 лв./m2),1,2, Панел,986.0
Тракия,39447.0,40.0,(1925 лв./m2),1,2, НЕ,986.0
Тракия,39447.0,42.0,(1833 лв./m2),1,2, Панел,939.0
Тракия,39500.0,40.0,(988 EUR/m2),1,2, НЕ,988.0
Тракия,40471.0,46.0,(1717 лв./m2),1,2, Панел,880.0
Тракия,40471.0,40.0,(1975 лв./m2),1,1," Панел, 1980 г.",1012.0
Тракия,40984.0,40.0,(2000 лв./m2),1,1, Панел,1025.0
Тракия,41240.0,41.0,(1963 лв./m2),1,1, Панел,1006.0
Тракия,41496.0,40.0,(2025 лв./m2),1,4, Панел,1037.0
Тракия,41496.0,46.0,(1761 лв./m2),1,2," Панел, 1980 г.",902.0
Тракия,41752.0,40.0,(2038 лв./m2),1,1, Панел,1044.0
Тракия,42008.0,41.0,(2000 лв./m2),1,7," Панел, 1991 г.",1025.0
Център,28176.0,40.0,(1375 лв./m2),1,4, Тухла,704.0
Център,28689.0,40.0,(1400 лв./m2),1,1, Тухла,717.0
Център,28689.0,40.0,(1400 лв./m2),1,1," Тухла, 1991 г.",717.0
Център,28689.0,30.0,(1867 лв./m2),1,3, Тухла,956.0
Център,29100.0,40.0,(728 EUR/m2),1,1, Тухла,728.0
Център,29200.0,40.0,(1425 лв./m2),1,1, Тухла,730.0
Център,29201.0,40.0,(1425 лв./m2),1,1," Тухла, 1990 г.",730.0
Център,29201.0,40.0,(1425 лв./m2),1,1," Тухла, 1980 г.",730.0
Център,29201.0,40.0,(1425 лв./m2),1,1, Тухла,730.0
Център,33299.0,40.0,(1625 лв./m2),1,1," Тухла, 2012 г.",832.0
Център,40984.0,25.0,(3200 лв./m2),1,1," Тухла, 2015 г.",1639.0
Център,40984.0,41.0,(1951 лв./m2),1,4," Тухла, 1974 г.",1000.0
2-ри корпус,37000.0,51.0,(725 EUR/m2),2,2," Тухла, 2021 г.",725.0
2-ри корпус,64000.0,55.0,(1164 EUR/m2),2,2," Тухла, 2022 г.",1164.0
2-ри корпус,64139.0,55.0,(2276 лв./m2),2,2, ДА,1166.0
5-ти полк,42008.0,69.0,(1188 лв./m2),2,9, ДА,609.0
5-ти полк,44000.0,56.0,(786 EUR/m2),2,3, ДА,786.0
5-ти полк,44000.0,59.0,(746 EUR/m2),2,2, Тухла,746.0
5-ти полк,47131.0,75.0,(1227 лв./m2),2,5," ЕПК, 1991 г.",628.0
5-ти полк,48156.0,69.0,(1362 лв./m2),2,8, Тухла,698.0
5-ти полк,48156.0,68.0,(1382 лв./m2),2,8," Тухла, 1970 г.",708.0
5-ти полк,48668.0,75.0,(1267 лв./m2),2,5," ЕПК, 1991 г.",649.0
5-ти полк,48873.0,75.0,(1272 лв./m2),2,5," ЕПК, 1976 г.",652.0
5-ти полк,48841.0,60.0,(814 EUR/m2),2,2," Тухла, 2023 г.",814.0
5-ти полк,55328.0,64.0,(1688 лв./m2),2,5," Панел, 1985 г.",864.0
5-ти полк,55328.0,65.0,(1662 лв./m2),2,5," Панел, 1980 г.",851.0
5-ти полк,55328.0,65.0,(1662 лв./m2),2,5, Панел,851.0
5-ти полк,55328.0,65.0,(1662 лв./m2),2,5, ДА,851.0
5-ти полк,55328.0,65.0,(1662 лв./m2),2,5, Панел,851.0
5-ти полк,55328.0,65.0,(1662 лв./m2),2,5," Панел, 1989 г.",851.0
5-ти полк,55328.0,65.0,(1662 лв./m2),2,5, ДА,851.0
5-ти полк,55328.0,65.0,(1662 лв./m2),2,5, Панел,851.0
5-ти полк,55328.0,65.0,(1662 лв./m2),2,5," Панел, 1980 г.",851.0
5-ти полк,56865.0,69.0,(1609 лв./m2),2,2," Тухла, 2021 г.",824.0
5-ти полк,56865.0,78.0,(1423 лв./m2),2,2, Тухла,729.0
5-ти полк,56865.0,81.0,(1370 лв./m2),2,5," Тухла, 2020 г.",702.0
5-ти полк,58914.0,70.0,(1643 лв./m2),2,1," Панел, 1980 г.",842.0
5-ти полк,69672.0,71.0,(1915 лв./m2),2,6," Тухла, 1980 г.",981.0
5-ти полк,71721.0,88.0,(1591 лв./m2),2,2," Тухла, 2021 г.",815.0
Басейна,36373.0,44.0,(1614 лв./m2),2,4," Тухла, 2018 г.",827.0
Басейна,39959.0,55.0,(1418 лв./m2),2,1, Тухла,727.0
Басейна,40984.0,55.0,(1455 лв./m2),2,1, Тухла,745.0
Басейна,40984.0,55.0,(1455 лв./m2),2,1, Тухла,745.0
Басейна,45000.0,55.0,(818 EUR/m2),2,1, НЕ,818.0
Басейна,66598.0,73.0,(1781 лв./m2),2,2," Тухла, 2019 г.",912.0
Басейна,69160.0,73.0,(1849 лв./m2),2,2, ДА,947.0
Болницата,57000.0,60.0,(950 EUR/m2),2,2, ДА,950.0
Болницата,57000.0,57.0,(1000 EUR/m2),2,1, ДА,1000.0
Болницата,57500.0,60.0,(958 EUR/m2),2,1, ДА,958.0
Болницата,57500.0,60.0,(958 EUR/m2),2,2, ДА,958.0
Болницата,57500.0,60.0,(958 EUR/m2),2,3, ДА,958.0
Болницата,57889.0,74.0,(1527 лв./m2),2,2, Панел,782.0
Болницата,57889.0,74.0,(1527 лв./m2),2,2, Панел,782.0
Болницата,57889.0,74.0,(1527 лв./m2),2,2, Панел,782.0
Болницата,58000.0,74.0,(784 EUR/m2),2,2, НЕ,784.0
Болницата,58000.0,74.0,(784 EUR/m2),2,2," Панел, 1989 г.",784.0
Болницата,58000.0,74.0,(784 EUR/m2),2,2, Панел,784.0
Болницата,58000.0,76.0,(763 EUR/m2),2,2," Панел, 1980 г.",763.0
Болницата,58000.0,74.0,(784 EUR/m2),2,2, ДА,784.0
Болницата,58000.0,74.0,(784 EUR/m2),2,2, Панел,784.0
Болницата,58000.0,75.0,(773 EUR/m2),2,2," Панел, 1988 г.",773.0
Болницата,58000.0,74.0,(784 EUR/m2),2,2," Панел, 1980 г.",784.0
Болницата,58000.0,74.0,(784 EUR/m2),2,2," Панел, 1990 г.",784.0
Болницата,59500.0,63.0,(944 EUR/m2),2,2, ДА,944.0
Болницата,60451.0,65.0,(1815 лв./m2),2,2, НЕ,930.0
Болницата,60451.0,68.0,(1735 лв./m2),2,2," Панел, 1985 г.",889.0
Болницата,60451.0,65.0,(1815 лв./m2),2,2," Панел, 1980 г.",930.0
Болницата,60963.0,68.0,(1750 лв./m2),2,2," Панел, 1980 г.",897.0
Болницата,61330.0,72.0,(852 EUR/m2),2,2," Тухла, 2022 г.",852.0
Болницата,61330.0,72.0,(852 EUR/m2),2,4," Тухла, 2022 г.",852.0
Болницата,61475.0,64.0,(1875 лв./m2),2,2, Панел,961.0
Болницата,61475.0,65.0,(1846 лв./m2),2,2," Панел, 1980 г.",946.0
Болницата,61475.0,65.0,(1846 лв./m2),2,2," Панел, 1980 г.",946.0
Болницата,62000.0,64.0,(969 EUR/m2),2,2, ДА,969.0
Болницата,62000.0,64.0,(969 EUR/m2),2,3, ДА,969.0
Болницата,62000.0,63.0,(984 EUR/m2),2,3, ДА,984.0
Болницата,62000.0,63.0,(984 EUR/m2),2,2, ДА,984.0
Болницата,64800.0,72.0,(900 EUR/m2),2,2," Тухла, 2021 г.",900.0
Болницата,66086.0,65.0,(1985 лв./m2),2,1," Панел, 1985 г.",1017.0
Болницата,66086.0,57.0,(2263 лв./m2),2,8," Панел, 1985 г.",1159.0
Болницата,66598.0,62.0,(2097 лв./m2),2,1," Панел, 1985 г.",1074.0
Болницата,66598.0,56.0,(2321 лв./m2),2,8," Панел, 1980 г.",1189.0
Болницата,66598.0,62.0,(2097 лв./m2),2,1, Панел,1074.0
Болницата,67623.0,54.0,(2444 лв./m2),2,7, НЕ,1252.0
Болницата,67623.0,60.0,(2200 лв./m2),2,7," Панел, 1984 г.",1127.0
Болницата,67623.0,60.0,(2200 лв./m2),2,6," Панел, 1985 г.",1127.0
Болницата,71721.0,60.0,(2333 лв./m2),2,2," ЕПК, 1978 г.",1195.0
Болницата,74283.0,59.0,(2458 лв./m2),2,8, Панел,1259.0
Болницата,75000.0,80.0,(938 EUR/m2),2,4," Тухла, 2011 г.",938.0
Болницата,77869.0,62.0,(2452 лв./m2),2,1, Панел,1256.0
Болницата,81967.0,79.0,(2025 лв./m2),2,4," Тухла, 2017 г.",1038.0
Болницата,81967.0,79.0,(2025 лв./m2),2,4," Тухла, 2017 г.",1038.0
Болницата,88115.0,58.0,(2966 лв./m2),2,1, Панел,1519.0
Болницата,89652.0,61.0,(2869 лв./m2),2,8," Панел, 1990 г.",1470.0
Болницата,92469.0,59.0,(3059 лв./m2),2,1," Панел, 1980 г.",1567.0
Болницата,93238.0,61.0,(2984 лв./m2),2,8," Панел, 1975 г.",1528.0
Болницата,93750.0,65.0,(2815 лв./m2),2,1, Панел,1442.0
Болницата,95287.0,63.0,(2952 лв./m2),2,8," Панел, 1985 г.",1512.0
Боян Българанов 1,37910.0,64.0,(1156 лв./m2),2,8," Панел, 1970 г.",592.0
Боян Българанов 1,38934.0,65.0,(1169 лв./m2),2,2, Панел,599.0
Боян Българанов 1,39447.0,64.0,(1203 лв./m2),2,7, Панел,616.0
Боян Българанов 1,42008.0,80.0,(1025 лв./m2),2,2, Панел,525.0
Боян Българанов 1,43494.0,64.0,(1327 лв./m2),2,4, Панел,680.0
Боян Българанов 1,43545.0,63.0,(1349 лв./m2),2,5, Панел,691.0
Боян Българанов 1,46146.0,62.0,(744 EUR/m2),2,2, ДА,744.0
Боян Българанов 1,48668.0,70.0,(1357 лв./m2),2,14, ЕПК,695.0
Боян Българанов 1,48600.0,67.0,(725 EUR/m2),2,2," Тухла, 2022 г.",725.0
Боян Българанов 1,49264.0,62.0,(795 EUR/m2),2,3, ДА,795.0
Боян Българанов 1,49580.0,67.0,(740 EUR/m2),2,3, ДА,740.0
Боян Българанов 1,49580.0,67.0,(740 EUR/m2),2,2, ДА,740.0
Боян Българанов 1,49580.0,67.0,(740 EUR/m2),2,2," Тухла, 2022 г.",740.0
Боян Българанов 1,49693.0,65.0,(1492 лв./m2),2,8," Панел, 1980 г.",765.0
Боян Българанов 1,50840.0,62.0,(820 EUR/m2),2,3," Тухла, 2022 г.",820.0
Боян Българанов 1,51000.0,62.0,(823 EUR/m2),2,1," Панел, 1980 г.",823.0
Боян Българанов 1,52766.0,80.0,(1288 лв./m2),2,12," ЕПК, 1980 г.",660.0
Боян Българанов 1,53246.0,67.0,(795 EUR/m2),2,3, ДА,795.0
Боян Българанов 1,53791.0,72.0,(1458 лв./m2),2,15, ЕПК,747.0
Боян Българанов 1,53791.0,69.0,(1522 лв./m2),2,15, ЕПК,780.0
Боян Българанов 1,53791.0,70.0,(1500 лв./m2),2,15," ЕПК, 1980 г.",768.0
Боян Българанов 1,56352.0,68.0,(1618 лв./m2),2,6, Панел,829.0
Боян Българанов 1,56352.0,65.0,(1692 лв./m2),2,6," Панел, 1990 г.",867.0
Боян Българанов 1,56352.0,68.0,(1618 лв./m2),2,6, Панел,829.0
Боян Българанов 1,56352.0,68.0,(1618 лв./m2),2,6," Панел, 1985 г.",829.0
Боян Българанов 1,57000.0,74.0,(770 EUR/m2),2,2, Панел,770.0
Боян Българанов 1,57000.0,74.0,(770 EUR/m2),2,2, Панел,770.0
Боян Българанов 1,57377.0,68.0,(1647 лв./m2),2,6, Панел,844.0
Боян Българанов 1,60450.0,68.0,(1735 лв./m2),2,1, Панел,889.0
Боян Българанов 1,61225.0,67.0,(914 EUR/m2),2,2," Панел, 1987 г.",914.0
Боян Българанов 1,61475.0,64.0,(1875 лв./m2),2,5, Панел,961.0
Боян Българанов 1,62500.0,67.0,(1821 лв./m2),2,2, Панел,933.0
Боян Българанов 1,64037.0,54.0,(2315 лв./m2),2,6," Панел, 1988 г.",1186.0
Боян Българанов 1,64000.0,54.0,(1185 EUR/m2),2,6, ДА,1185.0
Боян Българанов 1,65000.0,64.0,(1016 EUR/m2),2,4," Панел, 1980 г.",1016.0
Боян Българанов 1,65000.0,69.0,(942 EUR/m2),2,4," Панел, 1980 г.",942.0
Боян Българанов 1,65000.0,69.0,(942 EUR/m2),2,4, Панел,942.0
Боян Българанов 1,65000.0,69.0,(942 EUR/m2),2,4, Панел,942.0
Боян Българанов 1,65574.0,69.0,(1855 лв./m2),2,4, Панел,950.0
Боян Българанов 1,65830.0,69.0,(1862 лв./m2),2,4," Панел, 1980 г.",954.0
Боян Българанов 1,66086.0,69.0,(1870 лв./m2),2,4, Панел,958.0
Боян Българанов 1,66086.0,69.0,(1870 лв./m2),2,4," Панел, 1984 г.",958.0
Боян Българанов 1,66000.0,69.0,(957 EUR/m2),2,4, Панел,957.0
Боян Българанов 1,66000.0,69.0,(957 EUR/m2),2,4, Панел,957.0
Боян Българанов 1,66598.0,76.0,(1711 лв./m2),2,1, Панел,876.0
Боян Българанов 1,67000.0,69.0,(971 EUR/m2),2,4," Панел, 1987 г.",971.0
Боян Българанов 2,35861.0,50.0,(1400 лв./m2),2,7, Панел,717.0
Боян Българанов 2,35861.0,50.0,(1400 лв./m2),2,7," Панел, 1990 г.",717.0
Боян Българанов 2,38422.0,65.0,(1154 лв./m2),2,6," Панел, 1980 г.",591.0
Боян Българанов 2,38422.0,64.0,(1172 лв./m2),2,8," Панел, 1980 г.",600.0
Боян Българанов 2,38422.0,64.0,(1172 лв./m2),2,8," Панел, 1980 г.",600.0
Боян Българанов 2,38422.0,64.0,(1172 лв./m2),2,8," Панел, 1987 г.",600.0
Боян Българанов 2,44416.0,79.0,(1097 лв./m2),2,2, Панел,562.0
Боян Българанов 2,46107.0,60.0,(1500 лв./m2),2,1," Панел, 1990 г.",768.0
Боян Българанов 2,46107.0,62.0,(1452 лв./m2),2,5," Панел, 1980 г.",744.0
Боян Българанов 2,49693.0,64.0,(1516 лв./m2),2,2, Панел,776.0
Боян Българанов 2,50205.0,64.0,(1531 лв./m2),2,4," Панел, 1987 г.",784.0
Боян Българанов 2,51178.0,64.0,(1561 лв./m2),2,4," Панел, 1987 г.",800.0
Боян Българанов 2,53791.0,63.0,(1667 лв./m2),2,1," Панел, 1992 г.",854.0
Боян Българанов 2,53791.0,65.0,(1615 лв./m2),2,1," Панел, 1980 г.",828.0
Боян Българанов 2,56352.0,69.0,(1594 лв./m2),2,1," Панел, 1980 г.",817.0
Боян Българанов 2,56352.0,69.0,(1594 лв./m2),2,1," Панел, 1992 г.",817.0
Боян Българанов 2,61475.0,64.0,(1875 лв./m2),2,4," Панел, 1985 г.",961.0
Боян Българанов 2,63012.0,64.0,(1922 лв./m2),2,4," Панел, 1980 г.",985.0
Боян Българанов 2,64037.0,54.0,(2315 лв./m2),2,6," Панел, 1988 г.",1186.0
Боян Българанов 2,64037.0,54.0,(2315 лв./m2),2,6," Панел, 1980 г.",1186.0
Боян Българанов 2,64037.0,54.0,(2315 лв./m2),2,6," Панел, 1988 г.",1186.0
Боян Българанов 2,65574.0,50.0,(2560 лв./m2),2,6," Панел, 1983 г.",1311.0
Боян Българанов 2,76844.0,74.0,(2027 лв./m2),2,8," Панел, 1990 г.",1038.0
Боян Българанов 2,78637.0,69.0,(2225 лв./m2),2,7," Панел, 1970 г.",1140.0
Боян Българанов 2,79150.0,72.0,(2146 лв./m2),2,1," Панел, 1970 г.",1099.0
Боян Българанов 2,79250.0,76.0,(1043 EUR/m2),2,6, НЕ,1043.0
Боян Българанов 2,79406.0,75.0,(2067 лв./m2),2,8," Панел, 1980 г.",1059.0
Военно училище,51230.0,60.0,(1667 лв./m2),2,6, Панел,854.0
Военно училище,52254.0,56.0,(1821 лв./m2),2,6," Панел, 1978 г.",933.0
Военно училище,66598.0,52.0,(2500 лв./m2),2,3, Тухла,1281.0
Военно училище,72099.0,80.0,(901 EUR/m2),2,2, НЕ,901.0
Военно училище,79918.0,87.0,(1793 лв./m2),2,2," Тухла, 2022 г.",919.0
Военно училище,82300.0,51.0,(1614 EUR/m2),2,2, ДА,1614.0
Гривица,49000.0,61.0,(803 EUR/m2),2,1, ДА,803.0
Гривица,52766.0,58.0,(1776 лв./m2),2,6," Панел, 1980 г.",910.0
Гривица,56900.0,69.0,(825 EUR/m2),2,2, ДА,825.0
Дивизионна болница,49180.0,62.0,(1548 лв./m2),2,1, ДА,793.0
Добруджански,40984.0,55.0,(1455 лв./m2),2,1, Тухла,745.0
Добруджански,44000.0,55.0,(800 EUR/m2),2,3, ДА,800.0
Добруджански,46107.0,45.0,(2000 лв./m2),2,2, Тухла,1025.0
Добруджански,51230.0,60.0,(1667 лв./m2),2,5," Панел, 1970 г.",854.0
Добруджански,51920.0,58.0,(895 EUR/m2),2,1," Тухла, 2021 г.",895.0
Добруджански,53000.0,56.0,(946 EUR/m2),2,6," Панел, 1990 г.",946.0
Добруджански,53000.0,71.0,(746 EUR/m2),2,4," Тухла, 2022 г.",746.0
Добруджански,53900.0,58.0,(929 EUR/m2),2,2, Тухла,929.0
Добруджански,54000.0,55.0,(982 EUR/m2),2,5," Панел, 1990 г.",982.0
Добруджански,54230.0,58.0,(935 EUR/m2),2,1, Тухла,935.0
Добруджански,55800.0,66.0,(845 EUR/m2),2,1, Тухла,845.0
Добруджански,56242.0,52.0,(1082 EUR/m2),2,3, ДА,1082.0
Добруджански,56352.0,58.0,(1897 лв./m2),2,4," Панел, 1977 г.",972.0
Добруджански,56352.0,59.0,(1864 лв./m2),2,4," Панел, 1980 г.",955.0
Добруджански,56352.0,71.0,(1549 лв./m2),2,2," Тухла, 1980 г.",794.0
Добруджански,58000.0,58.0,(1000 EUR/m2),2,3," Тухла, 2022 г.",1000.0
Добруджански,58000.0,58.0,(1000 EUR/m2),2,2," Тухла, 2021 г.",1000.0
Добруджански,60000.0,60.0,(1000 EUR/m2),2,4," Тухла, 2022 г.",1000.0
Добруджански,60150.0,66.0,(911 EUR/m2),2,2," Тухла, 2021 г.",911.0
Добруджански,61000.0,66.0,(924 EUR/m2),2,3, ДА,924.0
Добруджански,61475.0,61.0,(1967 лв./m2),2,7, ДА,1008.0
Добруджански,61475.0,65.0,(1846 лв./m2),2,5," Панел, 1980 г.",946.0
Добруджански,61475.0,61.0,(1967 лв./m2),2,5, Панел,1008.0
Добруджански,63000.0,64.0,(984 EUR/m2),2,4," Тухла, 2021 г.",984.0
Добруджански,63000.0,66.0,(955 EUR/m2),2,3," Тухла, 2022 г.",955.0
Добруджански,64000.0,55.0,(1164 EUR/m2),2,3," Тухла, 2021 г.",1164.0
Добруджански,66598.0,55.0,(2364 лв./m2),2,4," Тухла, 1980 г.",1211.0
Добруджански,66598.0,75.0,(1733 лв./m2),2,8," Панел, 1988 г.",888.0
Добруджански,67623.0,58.0,(2276 лв./m2),2,4, Панел,1166.0
Добруджански,69160.0,62.0,(2177 лв./m2),2,1, Тухла,1115.0
Добруджански,69160.0,73.0,(1849 лв./m2),2,2, ДА,947.0
Добруджански,69160.0,62.0,(2177 лв./m2),2,1," Тухла, 1980 г.",1115.0
Добруджански,69160.0,73.0,(1849 лв./m2),2,2, Тухла,947.0
Добруджански,69160.0,62.0,(2177 лв./m2),2,1, Тухла,1115.0
Добруджански,69160.0,62.0,(2177 лв./m2),2,1, Тухла,1115.0
Добруджански,69160.0,62.0,(2177 лв./m2),2,1, Тухла,1115.0
Добруджански,71000.0,62.0,(1145 EUR/m2),2,1," Тухла, 1985 г.",1145.0
Добруджански,75000.0,63.0,(1190 EUR/m2),2,2," Тухла, 2022 г.",1190.0
Добруджански,76000.0,55.0,(1382 EUR/m2),2,3," Тухла, 2021 г.",1382.0
Добруджански,76000.0,69.0,(1101 EUR/m2),2,4, Тухла,1101.0
Добруджански,77000.0,64.0,(1203 EUR/m2),2,3, Панел,1203.0
Добруджански,77000.0,60.0,(1283 EUR/m2),2,3, Панел,1283.0
Добруджански,77000.0,62.0,(1242 EUR/m2),2,3, Панел,1242.0
Добруджански,77500.0,80.0,(969 EUR/m2),2,2," Тухла, 2022 г.",969.0
Добруджански,78000.0,62.0,(1258 EUR/m2),2,3, НЕ,1258.0
Добруджански,80000.0,80.0,(1000 EUR/m2),2,4," Тухла, 2022 г.",1000.0
Добруджански,80800.0,88.0,(918 EUR/m2),2,2," Тухла, 2022 г.",918.0
Добруджански,81900.0,79.0,(1037 EUR/m2),2,4," Тухла, 2021 г.",1037.0
Еверест,32787.0,65.0,(985 лв./m2),2,4, Панел,504.0
Еверест,33811.0,68.0,(971 лв./m2),2,1," Панел, 1985 г.",497.0
Еверест,36885.0,65.0,(1108 лв./m2),2,4, Панел,567.0
Еверест,36885.0,64.0,(1125 лв./m2),2,4, Панел,576.0
Еверест,36885.0,65.0,(1108 лв./m2),2,4, Панел,567.0
Еверест,37398.0,65.0,(1123 лв./m2),2,3, Панел,575.0
Еверест,37398.0,68.0,(1074 лв./m2),2,3, Панел,550.0
Еверест,38422.0,65.0,(1154 лв./m2),2,3, Панел,591.0
Еверест,38422.0,68.0,(1103 лв./m2),2,3," Панел, 1985 г.",565.0
Еверест,38422.0,65.0,(1154 лв./m2),2,3," Панел, 1989 г.",591.0
Еверест,38350.0,64.0,(599 EUR/m2),2,3, НЕ,599.0
Еверест,38934.0,82.0,(927 лв./m2),2,3, Панел,475.0
Еверест,46107.0,65.0,(1385 лв./m2),2,4," Панел, 1980 г.",709.0
Еверест,55000.0,64.0,(859 EUR/m2),2,1," Панел, 1990 г.",859.0
Математическа гимназия,52766.0,76.0,(1355 лв./m2),2,3, Панел,694.0
Математическа гимназия,61475.0,64.0,(1875 лв./m2),2,5, НЕ,961.0
Математическа гимназия,61475.0,64.0,(1875 лв./m2),2,5," Панел, 1985 г.",961.0
Математическа гимназия,61475.0,64.0,(1875 лв./m2),2,5, Панел,961.0
Математическа гимназия,61475.0,63.0,(1905 лв./m2),2,5, Панел,976.0
Математическа гимназия,61475.0,64.0,(1875 лв./m2),2,5, Панел,961.0
Математическа гимназия,61475.0,64.0,(1875 лв./m2),2,5, ДА,961.0
Математическа гимназия,61475.0,64.0,(1875 лв./m2),2,5, Панел,961.0
Математическа гимназия,61475.0,64.0,(1875 лв./m2),2,5, Панел,961.0
Математическа гимназия,61475.0,64.0,(1875 лв./m2),2,5," Панел, 1980 г.",961.0
Математическа гимназия,61475.0,64.0,(1875 лв./m2),2,5," Панел, 1980 г.",961.0
Математическа гимназия,61475.0,64.0,(1875 лв./m2),2,5," Панел, 1980 г.",961.0
Математическа гимназия,61475.0,64.0,(1875 лв./m2),2,5, ДА,961.0
Математическа гимназия,70184.0,64.0,(2141 лв./m2),2,1, НЕ,1097.0
Пазара,41803.0,60.0,(1360 лв./m2),2,5, Панел,697.0
Пазара,47900.0,61.0,(1533 лв./m2),2,2, ДА,785.0
Пазара,53791.0,61.0,(1721 лв./m2),2,2, Тухла,882.0
Пазара,53791.0,59.0,(1780 лв./m2),2,1," Тухла, 2021 г.",912.0
Пазара,53791.0,60.0,(1750 лв./m2),2,2," Тухла, 2022 г.",897.0
Пазара,53791.0,65.0,(1615 лв./m2),2,1, Тухла,828.0
Пазара,53791.0,65.0,(1615 лв./m2),2,1," Тухла, 2021 г.",828.0
Пазара,55328.0,75.0,(1440 лв./m2),2,1, Тухла,738.0
Пазара,58914.0,70.0,(1643 лв./m2),2,1, Панел,842.0
Пазара,58914.0,59.0,(1949 лв./m2),2,1, Панел,999.0
Пазара,58914.0,63.0,(1825 лв./m2),2,3, Тухла,935.0
Пазара,58914.0,60.0,(1917 лв./m2),2,4, Панел,982.0
Пазара,64549.0,74.0,(1703 лв./m2),2,2," Тухла, 2022 г.",872.0
Пазара,66086.0,60.0,(2150 лв./m2),2,1," Тухла, 2021 г.",1101.0
Пазара,66598.0,60.0,(2167 лв./m2),2,3," Тухла, 2014 г.",1110.0
Пазара,69160.0,85.0,(1588 лв./m2),2,1," Тухла, 2021 г.",814.0
Пазара,71209.0,62.0,(2242 лв./m2),2,2," Тухла, 1960 г.",1149.0
Пазара,71209.0,62.0,(2242 лв./m2),2,2," Тухла, 1970 г.",1149.0
Пазара,71209.0,62.0,(2242 лв./m2),2,2, Тухла,1149.0
Пазара,71209.0,62.0,(2242 лв./m2),2,2, Тухла,1149.0
Пазара,71721.0,75.0,(1867 лв./m2),2,3," Тухла, 2003 г.",956.0
Пазара,76332.0,70.0,(2129 лв./m2),2,4, ЕПК,1090.0
Пазара,76332.0,70.0,(2129 лв./m2),2,4," ЕПК, 1980 г.",1090.0
Пазара,76332.0,70.0,(2129 лв./m2),2,4, НЕ,1090.0
Пазара,76332.0,70.0,(2129 лв./m2),2,4, ЕПК,1090.0
Пазара,76844.0,70.0,(2143 лв./m2),2,4," ЕПК, 1985 г.",1098.0
Пазара,76844.0,64.0,(2344 лв./m2),2,4," ЕПК, 1977 г.",1201.0
Пазара,76844.0,66.0,(2273 лв./m2),2,4, ЕПК,1164.0
Пазара,78381.0,64.0,(2391 лв./m2),2,4," Тухла, 1980 г.",1225.0
Пазара,78381.0,70.0,(2186 лв./m2),2,3, ЕПК,1120.0
Пазара,78500.0,70.0,(1121 EUR/m2),2,3," ЕПК, 1983 г.",1121.0
Пазара,79406.0,68.0,(2279 лв./m2),2,4," ЕПК, 1985 г.",1168.0
Пожарната,70697.0,77.0,(1792 лв./m2),2,2," Тухла, 2021 г.",918.0
Томбул джамия,43033.0,96.0,(875 лв./m2),2,1, ДА,448.0
Томбул джамия,43545.0,98.0,(867 лв./m2),2,1, ДА,444.0
Томбул джамия,46107.0,70.0,(1286 лв./m2),2,1," Тухла, 2016 г.",659.0
Томбул джамия,50548.0,61.0,(829 EUR/m2),2,1, НЕ,829.0
Томбул джамия,55800.0,62.0,(900 EUR/m2),2,2," Тухла, 2021 г.",900.0
Томбул джамия,56352.0,65.0,(1692 лв./m2),2,3, ДА,867.0
Томбул джамия,56352.0,82.0,(1341 лв./m2),2,4," Тухла, 2021 г.",687.0
Томбул джамия,56352.0,81.0,(1358 лв./m2),2,4," Тухла, 2021 г.",696.0
Томбул джамия,56352.0,88.0,(1250 лв./m2),2,4, ДА,640.0
Томбул джамия,56352.0,82.0,(1341 лв./m2),2,4," Тухла, 2021 г.",687.0
Томбул джамия,56352.0,88.0,(1250 лв./m2),2,4, ДА,640.0
Томбул джамия,56245.0,58.0,(970 EUR/m2),2,4, НЕ,970.0
Томбул джамия,62100.0,69.0,(900 EUR/m2),2,3," Тухла, 2021 г.",900.0
Тракия,33299.0,60.0,(1083 лв./m2),2,14, ЕПК,555.0
Тракия,34324.0,40.0,(1675 лв./m2),2,5, Панел,858.0
Тракия,36885.0,62.0,(1161 лв./m2),2,4," Панел, 1980 г.",595.0
Тракия,36885.0,60.0,(1200 лв./m2),2,4, Панел,615.0
Тракия,36885.0,60.0,(1200 лв./m2),2,4," Панел, 1985 г.",615.0
Тракия,37000.0,74.0,(500 EUR/m2),2,8, НЕ,500.0
Тракия,38422.0,68.0,(1103 лв./m2),2,8," Панел, 1980 г.",565.0
Тракия,38422.0,60.0,(1250 лв./m2),2,8, Панел,640.0
Тракия,38422.0,63.0,(1190 лв./m2),2,8," Панел, 1980 г.",610.0
Тракия,40215.0,72.0,(1090 лв./m2),2,8," Панел, 1979 г.",559.0
Тракия,40471.0,72.0,(1097 лв./m2),2,8," Панел, 1980 г.",562.0
Тракия,40727.0,40.0,(1988 лв./m2),2,4, ДА,1018.0
Тракия,40978.0,72.0,(1111 лв./m2),2,8, НЕ,569.0
Тракия,40984.0,58.0,(1379 лв./m2),2,8," Панел, 1982 г.",707.0
Тракия,40984.0,58.0,(1379 лв./m2),2,8," Панел, 1978 г.",707.0
Тракия,40984.0,58.0,(1379 лв./m2),2,8," Панел, 1985 г.",707.0
Тракия,40984.0,60.0,(1333 лв./m2),2,8, Панел,683.0
Тракия,40984.0,70.0,(1143 лв./m2),2,8," Панел, 1980 г.",585.0
Тракия,40984.0,58.0,(1379 лв./m2),2,8," Панел, 1982 г.",707.0
Тракия,41496.0,72.0,(1125 лв./m2),2,8, Панел,576.0
Тракия,41496.0,72.0,(1125 лв./m2),2,8, Панел,576.0
Тракия,42008.0,67.0,(1224 лв./m2),2,8, Панел,627.0
Тракия,42000.0,61.0,(689 EUR/m2),2,5," Панел, 1982 г.",689.0
Тракия,43033.0,64.0,(1313 лв./m2),2,5, Панел,672.0
Тракия,43033.0,62.0,(1355 лв./m2),2,5, Панел,694.0
Тракия,43033.0,64.0,(1313 лв./m2),2,5," Панел, 1970 г.",672.0
Тракия,43000.0,61.0,(705 EUR/m2),2,5, Панел,705.0
Тракия,44570.0,62.0,(1403 лв./m2),2,13," ЕПК, 1986 г.",719.0
Тракия,48668.0,63.0,(1508 лв./m2),2,5, Панел,773.0
Тракия,49180.0,72.0,(1333 лв./m2),2,2, Тухла,683.0
Тракия,51230.0,62.0,(1613 лв./m2),2,8," Панел, 1980 г.",826.0
Тракия,52215.0,61.0,(856 EUR/m2),2,2," Тухла, 2022 г.",856.0
Тракия,53791.0,64.0,(1641 лв./m2),2,2," Тухла, 2021 г.",840.0
Тракия,54303.0,66.0,(1606 лв./m2),2,1," Панел, 1980 г.",823.0
Тракия,55277.0,65.0,(1660 лв./m2),2,2, Тухла,850.0
Тракия,55730.0,64.0,(871 EUR/m2),2,10, НЕ,871.0
Тракия,56352.0,68.0,(1618 лв./m2),2,1," Тухла, 1980 г.",829.0
Тракия,57889.0,59.0,(1915 лв./m2),2,8," Панел, 1976 г.",981.0
Тракия,57889.0,60.0,(1883 лв./m2),2,8, Панел,965.0
Тракия,58914.0,71.0,(1620 лв./m2),2,1, Тухла,830.0
Тракия,59939.0,59.0,(1983 лв./m2),2,1, Панел,1016.0
Тракия,61475.0,72.0,(1667 лв./m2),2,1," Тухла, 1980 г.",854.0
Тракия,61475.0,64.0,(1875 лв./m2),2,4, Панел,961.0
Тракия,62500.0,72.0,(1694 лв./m2),2,3," Тухла, 2010 г.",868.0
Тракия,62500.0,64.0,(1906 лв./m2),2,3," Тухла, 2000 г.",977.0
Тракия,62500.0,70.0,(1743 лв./m2),2,4, Тухла,893.0
Херсон,46107.0,70.0,(1286 лв./m2),2,5, Тухла,659.0
Херсон,46107.0,70.0,(1286 лв./m2),2,5, Тухла,659.0
Херсон,46107.0,72.0,(1250 лв./m2),2,5," Тухла, 1968 г.",640.0
Херсон,46107.0,70.0,(1286 лв./m2),2,5," Тухла, 1980 г.",659.0
Херсон,56352.0,61.0,(1803 лв./m2),2,5, Тухла,924.0
Херсон,66598.0,74.0,(1757 лв./m2),2,5, НЕ,900.0
Херсон,69160.0,62.0,(2177 лв./m2),2,1, Тухла,1115.0
Херсон,69900.0,62.0,(1127 EUR/m2),2,1, НЕ,1127.0
Херсон,89652.0,83.0,(2108 лв./m2),2,6," Тухла, 2005 г.",1080.0
Херсон,91000.0,84.0,(1083 EUR/m2),2,6, ДА,1083.0
Херсон,94775.0,83.0,(2229 лв./m2),2,6, Тухла,1142.0
Херсон,94775.0,83.0,(2229 лв./m2),2,6, ДА,1142.0
Херсон,94775.0,83.0,(2229 лв./m2),2,6, ДА,1142.0
Херсон,94775.0,83.0,(2229 лв./m2),2,6," Тухла, 2005 г.",1142.0
Херсон,95000.0,85.0,(1118 EUR/m2),2,6," Тухла, 2005 г.",1118.0
Херсон,100000.0,83.0,(1205 EUR/m2),2,6, ДА,1205.0
Център,39447.0,55.0,(1400 лв./m2),2,1," Тухла, 1990 г.",717.0
Център,39447.0,55.0,(1400 лв./m2),2,1, Тухла,717.0
Център,39959.0,44.0,(1773 лв./m2),2,1," Тухла, 1965 г.",908.0
Център,39959.0,44.0,(1773 лв./m2),2,1, НЕ,908.0
Център,46107.0,70.0,(1286 лв./m2),2,1," Тухла, 2016 г.",659.0
Център,46107.0,70.0,(1286 лв./m2),2,1," Тухла, 2016 г.",659.0
Център,46107.0,70.0,(1286 лв./m2),2,1, Тухла,659.0
Център,46107.0,51.0,(1765 лв./m2),2,1," Тухла, 1975 г.",904.0
Център,46107.0,70.0,(1286 лв./m2),2,1," Тухла, 2016 г.",659.0
Център,46107.0,70.0,(1286 лв./m2),2,1," Тухла, 2016 г.",659.0
Център,47000.0,70.0,(671 EUR/m2),2,1," Тухла, 2016 г.",671.0
Център,47550.0,70.0,(679 EUR/m2),2,1, НЕ,679.0
Център,50717.0,56.0,(1768 лв./m2),2,4," Тухла, 1965 г.",906.0
Център,51178.0,69.0,(1448 лв./m2),2,7, НЕ,742.0
Център,60963.0,70.0,(1700 лв./m2),2,1, Тухла,871.0
Център,61000.0,61.0,(1000 EUR/m2),2,5," Тухла, 2008 г.",1000.0
Център,64037.0,65.0,(1923 лв./m2),2,4," Панел, 1998 г.",985.0
Център,64293.0,65.0,(1931 лв./m2),2,4, Панел,989.0
Център,65061.0,70.0,(1814 лв./m2),2,2, Тухла,929.0
Център,65000.0,68.0,(956 EUR/m2),2,4, Тухла,956.0
Център,65000.0,67.0,(970 EUR/m2),2,3," Тухла, 1965 г.",970.0
Център,69160.0,67.0,(2015 лв./m2),2,1, НЕ,1032.0
Център,69672.0,55.0,(2473 лв./m2),2,1," Тухла, 2005 г.",1267.0
Център,69928.0,63.0,(2167 лв./m2),2,2," Тухла, 1980 г.",1110.0
Център,71209.0,61.0,(2279 лв./m2),2,2, Тухла,1167.0
Център,71209.0,62.0,(2242 лв./m2),2,2," Тухла, 1970 г.",1149.0
Център,71209.0,62.0,(2242 лв./m2),2,2, Тухла,1149.0
Център,71209.0,62.0,(2242 лв./m2),2,2," Тухла, 1976 г.",1149.0
Център,71209.0,62.0,(2242 лв./m2),2,2, Тухла,1149.0
Център,71100.0,62.0,(1147 EUR/m2),2,2, ДА,1147.0
Център,71721.0,70.0,(2000 лв./m2),2,3, Тухла,1025.0
Център,72825.0,58.0,(1256 EUR/m2),2,5, Тухла,1256.0
Център,76332.0,70.0,(2129 лв./m2),2,4," ЕПК, 1980 г.",1090.0
Център,76844.0,64.0,(2344 лв./m2),2,4, ЕПК,1201.0
Център,76844.0,75.0,(2000 лв./m2),2,5, Тухла,1025.0
Център,80000.0,130.0,(615 EUR/m2),2,4," Тухла, 2019 г.",615.0
Център,81967.0,158.0,(1013 лв./m2),2,4, Тухла,519.0
Център,86066.0,93.0,(1806 лв./m2),2,3," Тухла, 2013 г.",925.0
Център,88000.0,80.0,(1100 EUR/m2),2,3," Тухла, 2000 г.",1100.0
Център,89652.0,65.0,(2692 лв./m2),2,1, Тухла,1379.0
Център,102500.0,82.0,(1250 EUR/m2),2,5, Тухла,1250.0
Център,141550.0,113.0,(1253 EUR/m2),2,6, Тухла,1253.0
2-ри корпус,82000.0,83.0,(988 EUR/m2),3,2," Тухла, 2021 г.",988.0
5-ти полк,45000.0,75.0,(600 EUR/m2),3,5, ЕПК,600.0
5-ти полк,45000.0,78.0,(577 EUR/m2),3,5, ЕПК,577.0
5-ти полк,65574.0,78.0,(1641 лв./m2),3,5, НЕ,841.0
5-ти полк,67200.0,85.0,(791 EUR/m2),3,3, ДА,791.0
5-ти полк,71721.0,82.0,(1707 лв./m2),3,5, Тухла,875.0
5-ти полк,71721.0,82.0,(1707 лв./m2),3,5," Тухла, 2008 г.",875.0
5-ти полк,71721.0,82.0,(1707 лв./m2),3,5," Тухла, 2008 г.",875.0
5-ти полк,72600.0,82.0,(885 EUR/m2),3,5, НЕ,885.0
5-ти полк,72746.0,82.0,(1732 лв./m2),3,5," Тухла, 2008 г.",887.0
5-ти полк,73258.0,82.0,(1744 лв./m2),3,5, Тухла,893.0
5-ти полк,77244.0,93.0,(831 EUR/m2),3,3," Тухла, 2023 г.",831.0
5-ти полк,86578.0,95.0,(1779 лв./m2),3,5, Тухла,911.0
5-ти полк,92000.0,96.0,(958 EUR/m2),3,1," Тухла, 1991 г.",958.0
5-ти полк,93238.0,100.0,(1820 лв./m2),3,1," Тухла, 2020 г.",932.0
Басейна,116803.0,100.0,(2280 лв./m2),3,1," Тухла, 1980 г.",1168.0
Болницата,56352.0,78.0,(1410 лв./m2),3,3, Панел,722.0
Болницата,56352.0,90.0,(1222 лв./m2),3,2, Панел,626.0
Болницата,58000.0,74.0,(784 EUR/m2),3,2," Панел, 1982 г.",784.0
Болницата,63012.0,97.0,(1268 лв./m2),3,5," Тухла, 1980 г.",650.0
Болницата,63000.0,89.0,(708 EUR/m2),3,4," Тухла, 2020 г.",708.0
Болницата,63000.0,89.0,(708 EUR/m2),3,2," Тухла, 2020 г.",708.0
Болницата,71721.0,71.0,(1972 лв./m2),3,4, Тухла,1010.0
Болницата,71721.0,85.0,(1647 лв./m2),3,3, Тухла,844.0
Болницата,72746.0,82.0,(1732 лв./m2),3,5, Тухла,887.0
Болницата,73258.0,82.0,(1744 лв./m2),3,5," Тухла, 2008 г.",893.0
Болницата,73258.0,82.0,(1744 лв./m2),3,5," Тухла, 2008 г.",893.0
Болницата,73258.0,82.0,(1744 лв./m2),3,5," Тухла, 2008 г.",893.0
Болницата,73770.0,82.0,(1756 лв./m2),3,5," Тухла, 2008 г.",900.0
Болницата,74027.0,85.0,(1700 лв./m2),3,5," Тухла, 2010 г.",871.0
Болницата,74283.0,82.0,(1768 лв./m2),3,5," Тухла, 1986 г.",906.0
Болницата,76844.0,90.0,(1667 лв./m2),3,1, ЕПК,854.0
Болницата,76844.0,90.0,(1667 лв./m2),3,1," ЕПК, 1980 г.",854.0
Болницата,77869.0,90.0,(1689 лв./m2),3,1," ЕПК, 1980 г.",865.0
Болницата,80000.0,87.0,(920 EUR/m2),3,1, ДА,920.0
Болницата,80000.0,90.0,(889 EUR/m2),3,1, ДА,889.0
Болницата,80000.0,90.0,(889 EUR/m2),3,1, ДА,889.0
Болницата,81967.0,71.0,(2254 лв./m2),3,4, Тухла,1154.0
Болницата,89652.0,90.0,(1944 лв./m2),3,1, ЕПК,996.0
Болницата,81967.0,90.0,(1778 лв./m2),3,1, ЕПК,911.0
Болницата,82000.0,89.0,(921 EUR/m2),3,1, ДА,921.0
Болницата,85553.0,67.0,(2493 лв./m2),3,3," Тухла, 2009 г.",1277.0
Болницата,85553.0,70.0,(2386 лв./m2),3,2," Тухла, 2018 г.",1222.0
Болницата,85553.0,64.0,(2609 лв./m2),3,2," Тухла, 2009 г.",1337.0
Болницата,86700.0,91.0,(953 EUR/m2),3,5, Тухла,953.0
Болницата,86700.0,91.0,(953 EUR/m2),3,5," Тухла, 2021 г.",953.0
Болницата,89652.0,90.0,(1944 лв./m2),3,1, Тухла,996.0
Болницата,90000.0,99.0,(909 EUR/m2),3,1, ДА,909.0
Болницата,90000.0,100.0,(900 EUR/m2),3,5, ДА,900.0
Болницата,90000.0,100.0,(900 EUR/m2),3,5, ДА,900.0
Болницата,90500.0,103.0,(879 EUR/m2),3,3, ДА,879.0
Болницата,91189.0,90.0,(1978 лв./m2),3,1," ЕПК, 1981 г.",1013.0
Болницата,92000.0,103.0,(893 EUR/m2),3,1, ДА,893.0
Болницата,98873.0,73.0,(2644 лв./m2),3,1," Тухла, 2022 г.",1354.0
Болницата,102459.0,71.0,(2817 лв./m2),3,7," Тухла, 2022 г.",1443.0
Болницата,102459.0,130.0,(1538 лв./m2),3,1," Тухла, 1988 г.",788.0
Болницата,105020.0,83.0,(2470 лв./m2),3,3," Тухла, 2016 г.",1265.0
Боян Българанов 1,44416.0,78.0,(1112 лв./m2),3,3, Панел,569.0
Боян Българанов 1,44570.0,78.0,(1115 лв./m2),3,12, ЕПК,571.0
Боян Българанов 1,52254.0,78.0,(1308 лв./m2),3,7," Панел, 1988 г.",670.0
Боян Българанов 1,53791.0,72.0,(1458 лв./m2),3,15," Тухла, 1960 г.",747.0
Боян Българанов 1,56352.0,76.0,(1447 лв./m2),3,7," Панел, 1975 г.",741.0
Боян Българанов 1,56369.0,78.0,(723 EUR/m2),3,2, ДА,723.0
Боян Българанов 1,57720.0,78.0,(740 EUR/m2),3,2, ДА,740.0
Боян Българанов 1,57720.0,78.0,(740 EUR/m2),3,2, ДА,740.0
Боян Българанов 1,58914.0,78.0,(1474 лв./m2),3,7," Панел, 1981 г.",755.0
Боян Българанов 1,61475.0,76.0,(1579 лв./m2),3,7," Панел, 1991 г.",809.0
Боян Българанов 1,61826.0,85.0,(727 EUR/m2),3,2, ДА,727.0
Боян Българанов 1,63640.0,85.0,(749 EUR/m2),3,2, ДА,749.0
Боян Българанов 1,64037.0,81.0,(1543 лв./m2),3,5," Панел, 1980 г.",791.0
Боян Българанов 1,63960.0,78.0,(820 EUR/m2),3,2," Тухла, 2022 г.",820.0
Боян Българанов 1,66467.0,89.0,(747 EUR/m2),3,2, ДА,747.0
Боян Българанов 1,67837.0,85.0,(798 EUR/m2),3,3, ДА,798.0
Боян Българанов 1,70958.0,89.0,(797 EUR/m2),3,3, ДА,797.0
Боян Българанов 1,73258.0,78.0,(1833 лв./m2),3,1, ДА,939.0
Боян Българанов 1,74385.0,100.0,(744 EUR/m2),3,2," Тухла, 2022 г.",744.0
Боян Българанов 1,74795.0,80.0,(1825 лв./m2),3,8," Панел, 1985 г.",935.0
Боян Българанов 1,75000.0,85.0,(882 EUR/m2),3,3, НЕ,882.0
Боян Българанов 1,75820.0,76.0,(1947 лв./m2),3,1," Панел, 1980 г.",998.0
Боян Българанов 1,76332.0,77.0,(1935 лв./m2),3,7, ДА,991.0
Боян Българанов 1,76844.0,85.0,(1765 лв./m2),3,2," Тухла, 2022 г.",904.0
Боян Българанов 1,79411.0,100.0,(794 EUR/m2),3,3, ДА,794.0
Боян Българанов 1,89139.0,78.0,(2231 лв./m2),3,7," Панел, 1988 г.",1143.0
Боян Българанов 1,91189.0,78.0,(2282 лв./m2),3,8," Панел, 1985 г.",1169.0
Боян Българанов 1,93238.0,80.0,(2275 лв./m2),3,1, НЕ,1165.0
Боян Българанов 1,93750.0,80.0,(2288 лв./m2),3,1," Панел, 1985 г.",1172.0
Боян Българанов 1,94775.0,75.0,(2467 лв./m2),3,1," Панел, 1987 г.",1264.0
Боян Българанов 2,47131.0,78.0,(1179 лв./m2),3,1," Панел, 1980 г.",604.0
Боян Българанов 2,58914.0,93.0,(1237 лв./m2),3,7," Панел, 1980 г.",633.0
Боян Българанов 2,61475.0,84.0,(1429 лв./m2),3,5," Панел, 1986 г.",732.0
Боян Българанов 2,61475.0,85.0,(1412 лв./m2),3,5," Панел, 1986 г.",723.0
Боян Българанов 2,63012.0,88.0,(1398 лв./m2),3,7, Панел,716.0
Военно училище,69160.0,60.0,(2250 лв./m2),3,3," Тухла, 2000 г.",1153.0
Военно училище,79146.0,88.0,(899 EUR/m2),3,1," Тухла, 2021 г.",899.0
Военно училище,81967.0,85.0,(1882 лв./m2),3,2, Тухла,964.0
Военно училище,83504.0,77.0,(2117 лв./m2),3,4, Тухла,1084.0
Военно училище,84529.0,77.0,(2143 лв./m2),3,3," Тухла, 1978 г.",1098.0
Военно училище,85000.0,70.0,(1214 EUR/m2),3,3, ДА,1214.0
Военно училище,85553.0,77.0,(2169 лв./m2),3,1, Тухла,1111.0
Военно училище,86578.0,82.0,(2061 лв./m2),3,4, Тухла,1056.0
Военно училище,91189.0,70.0,(2543 лв./m2),3,3," Тухла, 1988 г.",1303.0
Военно училище,91189.0,76.0,(2342 лв./m2),3,4, Тухла,1200.0
Военно училище,91189.0,70.0,(2543 лв./m2),3,3, Тухла,1303.0
Военно училище,92213.0,93.0,(1935 лв./m2),3,1," Тухла, 1980 г.",992.0
Военно училище,92213.0,90.0,(2000 лв./m2),3,7," Тухла, 1980 г.",1025.0
Военно училище,94000.0,70.0,(1343 EUR/m2),3,3," Тухла, 1970 г.",1343.0
Военно училище,94775.0,70.0,(2643 лв./m2),3,3," Тухла, 1980 г.",1354.0
Военно училище,94775.0,70.0,(2643 лв./m2),3,3, Тухла,1354.0
Военно училище,115779.0,80.0,(2825 лв./m2),3,4," Тухла, 1982 г.",1447.0
Гривица,61475.0,80.0,(1500 лв./m2),3,5," Панел, 1980 г.",768.0
Гривица,68135.0,74.0,(1797 лв./m2),3,3," Тухла, 2020 г.",921.0
Гривица,68135.0,75.0,(1773 лв./m2),3,3, ДА,908.0
Гривица,71721.0,78.0,(1795 лв./m2),3,6," Панел, 1978 г.",920.0
Гривица,81000.0,97.0,(835 EUR/m2),3,2, ДА,835.0
Дивизионна болница,59939.0,80.0,(1463 лв./m2),3,3," Панел, 1985 г.",749.0
Дивизионна болница,78227.0,98.0,(1558 лв./m2),3,2, ДА,798.0
Дивизионна болница,81967.0,100.0,(1600 лв./m2),3,2," Тухла, 2021 г.",820.0
Дивизионна болница,85912.0,107.0,(1567 лв./m2),3,2, ДА,803.0
Добруджански,46107.0,80.0,(1125 лв./m2),3,7, Панел,576.0
Добруджански,56352.0,82.0,(1341 лв./m2),3,1," Тухла, 1980 г.",687.0
Добруджански,63012.0,90.0,(1367 лв./m2),3,2," Тухла, 1985 г.",700.0
Добруджански,63000.0,81.0,(778 EUR/m2),3,2," Тухла, 2021 г.",778.0
Добруджански,66086.0,80.0,(1613 лв./m2),3,3," Панел, 1980 г.",826.0
Добруджански,66598.0,86.0,(1512 лв./m2),3,3," Тухла, 1995 г.",774.0
Добруджански,66598.0,86.0,(1512 лв./m2),3,3," Тухла, 1995 г.",774.0
Добруджански,66598.0,86.0,(1512 лв./m2),3,3, Тухла,774.0
Добруджански,66598.0,86.0,(1512 лв./m2),3,3, Тухла,774.0
Добруджански,66598.0,86.0,(1512 лв./m2),3,3," Тухла, 2000 г.",774.0
Добруджански,66598.0,86.0,(1512 лв./m2),3,3, Тухла,774.0
Добруджански,66598.0,86.0,(1512 лв./m2),3,3," Тухла, 1996 г.",774.0
Добруджански,66598.0,86.0,(1512 лв./m2),3,3," Тухла, 1995 г.",774.0
Добруджански,66598.0,86.0,(1512 лв./m2),3,3, Тухла,774.0
Добруджански,66598.0,86.0,(1512 лв./m2),3,3, Тухла,774.0
Добруджански,66598.0,86.0,(1512 лв./m2),3,3," Тухла, 1995 г.",774.0
Добруджански,66470.0,86.0,(773 EUR/m2),3,3, НЕ,773.0
Добруджански,69160.0,76.0,(1776 лв./m2),3,2," Тухла, 1974 г.",910.0
Добруджански,70000.0,87.0,(805 EUR/m2),3,2," Тухла, 2021 г.",805.0
Добруджански,70000.0,74.0,(946 EUR/m2),3,2," Тухла, 2022 г.",946.0
Добруджански,73000.0,97.0,(753 EUR/m2),3,1, Тухла,753.0
Добруджански,76844.0,78.0,(1923 лв./m2),3,8, Панел,985.0
Добруджански,76844.0,80.0,(1875 лв./m2),3,8, Панел,961.0
Добруджански,76844.0,80.0,(1875 лв./m2),3,8," Панел, 1980 г.",961.0
Добруджански,76844.0,80.0,(1875 лв./m2),3,8, Панел,961.0
Добруджански,76844.0,80.0,(1875 лв./m2),3,5, Панел,961.0
Добруджански,76844.0,80.0,(1875 лв./m2),3,8, Панел,961.0
Добруджански,76844.0,90.0,(1667 лв./m2),3,8, Панел,854.0
Добруджански,77000.0,80.0,(963 EUR/m2),3,8, НЕ,962.0
Добруджански,78381.0,89.0,(1719 лв./m2),3,2," Тухла, 2021 г.",881.0
Добруджански,78381.0,90.0,(1700 лв./m2),3,3," Тухла, 2022 г.",871.0
Добруджански,78893.0,80.0,(1925 лв./m2),3,8, НЕ,986.0
Добруджански,79150.0,80.0,(1931 лв./m2),3,8," Панел, 1975 г.",989.0
Добруджански,79000.0,89.0,(888 EUR/m2),3,3," Тухла, 2022 г.",888.0
Добруджански,79406.0,91.0,(1703 лв./m2),3,2, Тухла,873.0
Добруджански,79406.0,80.0,(1938 лв./m2),3,2, Панел,993.0
Добруджански,79406.0,80.0,(1938 лв./m2),3,8," Панел, 1990 г.",993.0
Добруджански,79406.0,80.0,(1938 лв./m2),3,8, Панел,993.0
Добруджански,79406.0,80.0,(1938 лв./m2),3,8, Панел,993.0
Добруджански,79406.0,80.0,(1938 лв./m2),3,2," Панел, 1980 г.",993.0
Добруджански,79395.0,82.0,(968 EUR/m2),3,8," Панел, 1985 г.",968.0
Добруджански,80943.0,108.0,(1463 лв./m2),3,4," Тухла, 2021 г.",749.0
Добруджански,81916.0,76.0,(2104 лв./m2),3,3, Панел,1078.0
Добруджански,81967.0,86.0,(1860 лв./m2),3,1, НЕ,953.0
Добруджански,82500.0,153.0,(539 EUR/m2),3,4," Тухла, 2022 г.",539.0
Добруджански,83000.0,100.0,(830 EUR/m2),3,2," Тухла, 2021 г.",830.0
Добруджански,83504.0,97.0,(1680 лв./m2),3,1," Тухла, 2021 г.",861.0
Добруджански,84529.0,91.0,(1813 лв./m2),3,2," Тухла, 2022 г.",929.0
Добруджански,87090.0,80.0,(2125 лв./m2),3,7," Панел, 1986 г.",1089.0
Добруджански,89652.0,97.0,(1804 лв./m2),3,1," Тухла, 2022 г.",924.0
Добруджански,90000.0,90.0,(1000 EUR/m2),3,4," Тухла, 1969 г.",1000.0
Добруджански,92213.0,78.0,(2308 лв./m2),3,3, ПК,1182.0
Добруджански,92213.0,78.0,(2308 лв./m2),3,4," Тухла, 1980 г.",1182.0
Добруджански,92213.0,78.0,(2308 лв./m2),3,3, Тухла,1182.0
Добруджански,92213.0,78.0,(2308 лв./m2),3,3, Тухла,1182.0
Добруджански,95500.0,75.0,(1273 EUR/m2),3,2, Тухла,1273.0
Добруджански,95500.0,85.0,(1124 EUR/m2),3,2," Тухла, 2021 г.",1124.0
Добруджански,96000.0,66.0,(1455 EUR/m2),3,4, Тухла,1455.0
Добруджански,105000.0,79.0,(1329 EUR/m2),3,3, ДА,1329.0
Добруджански,105000.0,79.0,(1329 EUR/m2),3,3, Тухла,1329.0
Добруджански,107000.0,99.0,(1081 EUR/m2),3,3, ДА,1081.0
Добруджански,107000.0,86.0,(1244 EUR/m2),3,3, Тухла,1244.0
Добруджански,107582.0,128.0,(1641 лв./m2),3,2," Тухла, 2011 г.",840.0
Добруджански,110143.0,118.0,(1822 лв./m2),3,2, ДА,933.0
Добруджански,110000.0,90.0,(1222 EUR/m2),3,4, Тухла,1222.0
Добруджански,110000.0,87.0,(1264 EUR/m2),3,4, Тухла,1264.0
Добруджански,110000.0,84.0,(1310 EUR/m2),3,4, Тухла,1310.0
Добруджански,120000.0,90.0,(1333 EUR/m2),3,1," Тухла, 2019 г.",1333.0
Еверест,43545.0,98.0,(867 лв./m2),3,7," Панел, 1983 г.",444.0
Еверест,47131.0,95.0,(968 лв./m2),3,5," Панел, 1990 г.",496.0
Куршун чешма,66598.0,66.0,(1970 лв./m2),3,2," Тухла, 1990 г.",1009.0
Куршун чешма,74283.0,100.0,(1450 лв./m2),3,4, Тухла,743.0
Математическа гимназия,52766.0,76.0,(1355 лв./m2),3,3," Панел, 1985 г.",694.0
Математическа гимназия,61475.0,80.0,(1500 лв./m2),3,4, ДА,768.0
Математическа гимназия,76844.0,85.0,(1765 лв./m2),3,4, ДА,904.0
Математическа гимназия,112705.0,130.0,(1692 лв./m2),3,3, НЕ,867.0
Пазара,63500.0,70.0,(907 EUR/m2),3,1," Тухла, 2022 г.",907.0
Пазара,67623.0,75.0,(1760 лв./m2),3,2," Тухла, 2022 г.",902.0
Пазара,70300.0,74.0,(950 EUR/m2),3,2," Тухла, 2021 г.",950.0
Пазара,70600.0,70.0,(1009 EUR/m2),3,1," Тухла, 2022 г.",1009.0
Пазара,74283.0,78.0,(1859 лв./m2),3,4," Панел, 1978 г.",952.0
Пазара,74283.0,78.0,(1859 лв./m2),3,4, Панел,952.0
Пазара,79406.0,78.0,(1987 лв./m2),3,4," Панел, 1980 г.",1018.0
Пазара,79406.0,78.0,(1987 лв./m2),3,4," Панел, 1978 г.",1018.0
Пазара,79300.0,78.0,(1017 EUR/m2),3,4, Панел,1017.0
Пазара,86000.0,86.0,(1000 EUR/m2),3,4, Тухла,1000.0
Пазара,97285.0,90.0,(2110 лв./m2),3,1, Тухла,1081.0
Пазара,97145.0,90.0,(1079 EUR/m2),3,1, НЕ,1079.0
Пазара,98361.0,90.0,(2133 лв./m2),3,1, Тухла,1093.0
Пазара,98361.0,90.0,(2133 лв./m2),3,1, Тухла,1093.0
Пазара,153689.0,198.0,(1515 лв./m2),3,4, ДА,776.0
Пожарната,66598.0,60.0,(2167 лв./m2),3,1," Тухла, 2005 г.",1110.0
Пожарната,66598.0,60.0,(2167 лв./m2),3,1," Тухла, 2010 г.",1110.0
Пожарната,66598.0,60.0,(2167 лв./m2),3,1, Тухла,1110.0
Пожарната,66598.0,71.0,(1831 лв./m2),3,1," Тухла, 2005 г.",938.0
Пожарната,67600.0,60.0,(1127 EUR/m2),3,1," Тухла, 2008 г.",1127.0
Томбул джамия,53200.0,80.0,(665 EUR/m2),3,3," Тухла, 2017 г.",665.0
Томбул джамия,57505.0,88.0,(1276 лв./m2),3,4, ДА,653.0
Томбул джамия,61475.0,147.0,(816 лв./m2),3,1, ДА,418.0
Томбул джамия,77600.0,97.0,(800 EUR/m2),3,2," Тухла, 2021 г.",800.0
Томбул джамия,80322.0,97.0,(828 EUR/m2),3,2, НЕ,828.0
Тракия,43033.0,78.0,(1077 лв./m2),3,6, Панел,552.0
Тракия,43545.0,77.0,(1104 лв./m2),3,5, Панел,566.0
Тракия,56352.0,68.0,(1618 лв./m2),3,1, Тухла,829.0
Тракия,60600.0,80.0,(758 EUR/m2),3,4, НЕ,758.0
Тракия,61355.0,85.0,(722 EUR/m2),3,6, НЕ,722.0
Тракия,61475.0,90.0,(1333 лв./m2),3,3, Панел,683.0
Тракия,61475.0,95.0,(1263 лв./m2),3,1, Панел,647.0
Тракия,61475.0,86.0,(1395 лв./m2),3,1," Панел, 1985 г.",715.0
Тракия,61475.0,77.0,(1558 лв./m2),3,1, НЕ,798.0
Тракия,61475.0,86.0,(1395 лв./m2),3,1, Панел,715.0
Тракия,61475.0,86.0,(1395 лв./m2),3,1," Панел, 1985 г.",715.0
Тракия,61475.0,95.0,(1263 лв./m2),3,1," Панел, 1990 г.",647.0
Тракия,61500.0,95.0,(647 EUR/m2),3,1, ДА,647.0
Тракия,61988.0,81.0,(1494 лв./m2),3,6," Панел, 1979 г.",765.0
Тракия,62500.0,95.0,(1284 лв./m2),3,1," Панел, 1978 г.",658.0
Тракия,64037.0,86.0,(1453 лв./m2),3,8," Панел, 1975 г.",745.0
Тракия,65061.0,76.0,(1671 лв./m2),3,7, Панел,856.0
Тракия,65061.0,76.0,(1671 лв./m2),3,7, НЕ,856.0
Тракия,65061.0,86.0,(1477 лв./m2),3,8," Панел, 1975 г.",757.0
Тракия,65574.0,82.0,(1561 лв./m2),3,8," Панел, 1980 г.",800.0
Тракия,65574.0,86.0,(1488 лв./m2),3,8," Панел, 1975 г.",762.0
Тракия,66086.0,76.0,(1697 лв./m2),3,7, Панел,870.0
Тракия,66598.0,78.0,(1667 лв./m2),3,8," Панел, 1980 г.",854.0
Тракия,66598.0,83.0,(1566 лв./m2),3,11," ЕПК, 1980 г.",802.0
Тракия,66598.0,98.0,(1327 лв./m2),3,2," Тухла, 1970 г.",680.0
Тракия,68135.0,86.0,(1547 лв./m2),3,4, Тухла,792.0
Тракия,69160.0,78.0,(1731 лв./m2),3,7, Панел,887.0
Тракия,70697.0,94.0,(1468 лв./m2),3,3, ЕПК,752.0
Тракия,71721.0,78.0,(1795 лв./m2),3,3, ДА,920.0
Тракия,71721.0,82.0,(1707 лв./m2),3,2," Панел, 1980 г.",875.0
Тракия,74283.0,82.0,(1768 лв./m2),3,2," Тухла, 2021 г.",906.0
Тракия,74283.0,86.0,(1686 лв./m2),3,1, НЕ,864.0
Тракия,74795.0,80.0,(1825 лв./m2),3,1," Панел, 1985 г.",935.0
Тракия,75999.0,89.0,(854 EUR/m2),3,2, ДА,854.0
Тракия,76260.0,93.0,(820 EUR/m2),3,2," Тухла, 2022 г.",820.0
Тракия,76844.0,79.0,(1899 лв./m2),3,5, Тухла,973.0
Тракия,77869.0,62.0,(2452 лв./m2),3,1," Тухла, 1980 г.",1256.0
Херсон,100000.0,83.0,(1205 EUR/m2),3,6, ДА,1205.0
Център,52254.0,70.0,(1457 лв./m2),3,1," Тухла, 1970 г.",746.0
Център,64037.0,78.0,(1603 лв./m2),3,1, Тухла,821.0
Център,64037.0,72.0,(1736 лв./m2),3,1," Панел, 1992 г.",889.0
Център,68135.0,87.0,(1529 лв./m2),3,4, Тухла,783.0
Център,71619.0,100.0,(1398 лв./m2),3,12, НЕ,716.0
Център,71721.0,90.0,(1556 лв./m2),3,2," ЕПК, 1985 г.",797.0
Център,71721.0,90.0,(1556 лв./m2),3,2, ЕПК,797.0
Център,72746.0,77.0,(1844 лв./m2),3,2," Тухла, 2012 г.",945.0
Център,74283.0,93.0,(1559 лв./m2),3,8, ЕПК,799.0
Център,74283.0,93.0,(1559 лв./m2),3,8, ЕПК,799.0
Център,74283.0,84.0,(1726 лв./m2),3,1, Тухла,884.0
Център,76332.0,85.0,(1753 лв./m2),3,1, Тухла,898.0
Център,76844.0,88.0,(1705 лв./m2),3,3, Тухла,873.0
Център,76844.0,84.0,(1786 лв./m2),3,1, Тухла,915.0
Център,76844.0,84.0,(1786 лв./m2),3,1, Тухла,915.0
Център,76844.0,85.0,(1765 лв./m2),3,1," Тухла, 1980 г.",904.0
Център,76844.0,100.0,(1500 лв./m2),3,2," Тухла, 1968 г.",768.0
Център,76844.0,85.0,(1765 лв./m2),3,1," Тухла, 1980 г.",904.0
Център,76844.0,89.0,(1685 лв./m2),3,3," Тухла, 1985 г.",863.0
Център,78381.0,92.0,(1663 лв./m2),3,2, Тухла,852.0
Център,78381.0,93.0,(1645 лв./m2),3,2, Тухла,843.0
Център,78381.0,120.0,(1275 лв./m2),3,2, Тухла,653.0
Център,79406.0,98.0,(1582 лв./m2),3,6, Панел,810.0
Център,79406.0,98.0,(1582 лв./m2),3,6, Панел,810.0
Център,79406.0,98.0,(1582 лв./m2),3,6, Панел,810.0
Център,79406.0,98.0,(1582 лв./m2),3,6," Панел, 1990 г.",810.0
Център,79406.0,98.0,(1582 лв./m2),3,6," Панел, 1985 г.",810.0
Център,79918.0,126.0,(1238 лв./m2),3,5, ДА,634.0
Център,81800.0,78.0,(1049 EUR/m2),3,4, НЕ,1049.0
Център,83504.0,120.0,(1358 лв./m2),3,4," Тухла, 2008 г.",696.0
Център,84016.0,85.0,(1929 лв./m2),3,2, Тухла,988.0
Център,86066.0,86.0,(1953 лв./m2),3,4, Тухла,1001.0
Център,86066.0,86.0,(1953 лв./m2),3,4," Тухла, 2000 г.",1001.0
Център,86066.0,86.0,(1953 лв./m2),3,4," Тухла, 2003 г.",1001.0
Център,86066.0,86.0,(1953 лв./m2),3,4, Тухла,1001.0
Център,86066.0,86.0,(1953 лв./m2),3,4, Тухла,1001.0
Център,86066.0,86.0,(1953 лв./m2),3,4, Тухла,1001.0
Център,86066.0,86.0,(1953 лв./m2),3,4, Тухла,1001.0
Център,86066.0,86.0,(1953 лв./m2),3,4," Тухла, 2003 г.",1001.0
Център,86066.0,86.0,(1953 лв./m2),3,4, Тухла,1001.0
Център,86066.0,86.0,(1953 лв./m2),3,4, Тухла,1001.0
Център,87090.0,86.0,(1977 лв./m2),3,4," Тухла, 2003 г.",1013.0
Център,87090.0,86.0,(1977 лв./m2),3,4," Тухла, 2000 г.",1013.0
Център,88627.0,73.0,(2370 лв./m2),3,8, Панел,1214.0
Център,88627.0,90.0,(1922 лв./m2),3,8, ЕПК,985.0
Център,88627.0,90.0,(1922 лв./m2),3,8, ЕПК,985.0
Център,89139.0,90.0,(1933 лв./m2),3,8," ЕПК, 1980 г.",990.0
Център,89652.0,73.0,(2397 лв./m2),3,8," Панел, 1990 г.",1228.0
Център,91000.0,100.0,(910 EUR/m2),3,9, ЕПК,910.0
Център,92213.0,88.0,(2045 лв./m2),3,2, НЕ,1048.0
Център,92213.0,88.0,(2045 лв./m2),3,2," Тухла, 1970 г.",1048.0
Център,92213.0,87.0,(2069 лв./m2),3,2, Тухла,1060.0
Център,92100.0,73.0,(1262 EUR/m2),3,8," Панел, 1991 г.",1262.0
Център,93000.0,104.0,(894 EUR/m2),3,4, Тухла,894.0
Център,93500.0,123.0,(760 EUR/m2),3,2, ДА,760.0
Център,94775.0,120.0,(1542 лв./m2),3,4," Тухла, 2008 г.",790.0
Център,94775.0,89.0,(2079 лв./m2),3,2, Тухла,1065.0
Център,95000.0,115.0,(826 EUR/m2),3,4," Тухла, 2012 г.",826.0
Център,95000.0,120.0,(792 EUR/m2),3,4," Тухла, 2009 г.",792.0
Център,95000.0,115.0,(826 EUR/m2),3,4, Тухла,826.0
Център,100000.0,90.0,(1111 EUR/m2),3,3," Панел, 1980 г.",1111.0
Център,100000.0,100.0,(1000 EUR/m2),3,3, ДА,1000.0
Център,100000.0,100.0,(1000 EUR/m2),3,3," Панел, 1980 г.",1000.0
Център,100000.0,100.0,(1000 EUR/m2),3,3," Панел, 1991 г.",1000.0
Център,100000.0,100.0,(1000 EUR/m2),3,3, Панел,1000.0
Център,100410.0,80.0,(2450 лв./m2),3,3, Тухла,1255.0
Център,100922.0,82.0,(2402 лв./m2),3,4, Тухла,1231.0
Център,100922.0,78.0,(2526 лв./m2),3,3," Тухла, 1975 г.",1294.0
