location,price,m2,price/m2,details,floor,build
"град Велико Търново, Бузлуджа",30 000 EUR,30 m2,(1000 EUR/m2),Продава 1-СТАЕН,2-ри от 4,Строителство: Тухла
"град Велико Търново, Бузлуджа",56 500 EUR,60 m2,(942 EUR/m2),Продава 2-СТАЕН,Тухла,"
"
"град Велико Търново, Бузлуджа",70 000 EUR,75 m2,(933 EUR/m2),Продава 2-СТАЕН,ДА,ТEЦ: НЕ
"град Велико Търново, Зона Б",64 000 EUR,54 m2,(1185 EUR/m2),Продава 2-СТАЕН,Тухла,"
"
"град Велико Търново, Картала",60 000 EUR,81 m2,(741 EUR/m2),Продава 2-СТАЕН,Тухла,"
"
"град Велико Търново, Картала",65 700 EUR,77 m2,(853 EUR/m2),Продава 2-СТАЕН,Тухла,"
"
"град Велико Търново, Колю Фичето",40 000 EUR,45 m2,(889 EUR/m2),Продава 2-СТАЕН,Тухла,"
"
"град Велико Търново, Колю Фичето",53 300 EUR,56 m2,(952 EUR/m2),Продава 2-СТАЕН,5-ти от 6,Строителство: Тухла
"град Велико Търново, Колю Фичето",55 900 EUR,60 m2,(932 EUR/m2),Продава 2-СТАЕН,ДА,Строителство: Тухла
"град Велико Търново, Център",42 000 EUR,39 m2,(1077 EUR/m2),Продава 2-СТАЕН,Тухла,"
"
"град Велико Търново, Бузлуджа",56 500 EUR,75 m2,(753 EUR/m2),Продава 3-СТАЕН,Панел,"
"
"град Велико Търново, Бузлуджа",81 000 EUR,71 m2,(1141 EUR/m2),Продава 3-СТАЕН,Тухла,"
"
"град Велико Търново, Бузлуджа",115 000 EUR,103 m2,(1117 EUR/m2),Продава 3-СТАЕН,5-ти от 6,Строителство: Тухла
"град Велико Търново, Зона Б",72 000 EUR,113 m2,(637 EUR/m2),Продава 3-СТАЕН,Тухла,"
"
"град Велико Търново, Картала",120 000 EUR,120 m2,(1000 EUR/m2),Продава 3-СТАЕН,Тухла,"
"
"град Велико Търново, Колю Фичето",96 900 EUR,110 m2,(881 EUR/m2),Продава 3-СТАЕН,3-ти от 6,"Строителство: Тухла, 2020 г."
"град Велико Търново, Център",64 900 EUR,65 m2,(998 EUR/m2),Продава 3-СТАЕН,5-ти от 6,Газ: НЕ
"град Велико Търново, Център",67 500 EUR,78 m2,(865 EUR/m2),Продава 3-СТАЕН,8-ми от 8,Строителство: Тухла
"град Велико Търново, Център",70 000 EUR,86 m2,(814 EUR/m2),Продава 3-СТАЕН,Тухла,"
"
"град Велико Търново, Център",75 000 EUR,97 m2,(773 EUR/m2),Продава 3-СТАЕН,5-ти от 8,Газ: ДА
"град Велико Търново, Център, ТОП ЦЕНТЪР",130 000 EUR,100 m2,(1300 EUR/m2),Продава 3-СТАЕН,2-ри от 3,"Строителство: Тухла, 1978 г."
"град Велико Търново, Акация",29 000 EUR,28 m2,(1036 EUR/m2),Продава 1-СТАЕН,Партер от 7,Строителство: Тухла
"град Велико Търново, Варуша",46 000 EUR,67 m2,(687 EUR/m2),Продава 1-СТАЕН,1-ви от 4,Газ: ДА
"град Велико Търново, Зона Б",36 000 EUR,29 m2,(1241 EUR/m2),Продава 1-СТАЕН,1-ви от 6,Строителство: Тухла
"град Велико Търново, Колю Фичето",38 500 EUR,40 m2,(963 EUR/m2),Продава 1-СТАЕН,5-ти от 7,Газ: НЕ
"град Велико Търново, Колю Фичето",75 500 лв.,37 m2,(2041 лв./m2),Продава 1-СТАЕН,4-ти от 6,Строителство: Тухла
"град Велико Търново, Център",62 000 EUR,45 m2,(1378 EUR/m2),Продава 1-СТАЕН,2-ри от 3,Газ: НЕ
"град Велико Търново, Център",62 000 EUR,50 m2,(1240 EUR/m2),Продава 1-СТАЕН,Тухла,"
"
"град Велико Търново, Чолаковци",33 200 EUR,40 m2,(830 EUR/m2),Продава 1-СТАЕН,Панел,"
"
"град Велико Търново, Бузлуджа",80 700 лв.,49 m2,(1647 лв./m2),Продава 2-СТАЕН,Панел,"
"
"град Велико Търново, Бузлуджа",56 500 EUR,66 m2,(856 EUR/m2),Продава 2-СТАЕН,1-ви от 6,Строителство: Тухла
"град Велико Търново, Бузлуджа",56 500 EUR,55 m2,(1027 EUR/m2),Продава 2-СТАЕН,Тухла,"
"
"град Велико Търново, Бузлуджа",96 000 EUR,76 m2,(1263 EUR/m2),Продава 2-СТАЕН,3-ти от 6,Газ: ДА
"град Велико Търново, Бузлуджа",96 000 EUR,72 m2,(1333 EUR/m2),Продава 2-СТАЕН,3-ти от 6,"Строителство: Тухла, 2022 г."
"град Велико Търново, Варуша",46 000 EUR,67 m2,(687 EUR/m2),Продава 2-СТАЕН,"Тухла, 1980 г.","
"
"град Велико Търново, Зона Б",36 000 EUR,56 m2,(643 EUR/m2),Продава 2-СТАЕН,Тухла,"
"
"град Велико Търново, Зона Б",36 000 EUR,47 m2,(766 EUR/m2),Продава 2-СТАЕН,Тухла,"
"
"град Велико Търново, Зона Б",36 000 EUR,50 m2,(720 EUR/m2),Продава 2-СТАЕН,Тухла,"
"
"град Велико Търново, Зона Б",45 900 EUR,60 m2,(765 EUR/m2),Продава 2-СТАЕН,6-ти от 6,"Строителство: Панел, 1986 г."
"град Велико Търново, Зона Б",65 000 EUR,80 m2,(813 EUR/m2),Продава 2-СТАЕН,Тухла,"
"
"град Велико Търново, Картала",56 250 EUR,75 m2,(750 EUR/m2),Продава 2-СТАЕН,1-ви от 6,Строителство: Тухла
"град Велико Търново, Картала",60 000 EUR,68 m2,(882 EUR/m2),Продава 2-СТАЕН,5-ти от 5,Строителство: Тухла
"град Велико Търново, Картала",63 500 EUR,79 m2,(804 EUR/m2),Продава 2-СТАЕН,Тухла,"
"
"град Велико Търново, Картала",67 000 EUR,70 m2,(957 EUR/m2),Продава 2-СТАЕН,Тухла,"
"
"град Велико Търново, Колю Фичето",32 000 EUR,54 m2,(593 EUR/m2),Продава 2-СТАЕН,1-ви от 2,Строителство: Тухла
"град Велико Търново, Колю Фичето",60 000 EUR,50 m2,(1200 EUR/m2),Продава 2-СТАЕН,5-ти от 7,Строителство: Тухла
"град Велико Търново, Колю Фичето",60 800 EUR,48 m2,(1267 EUR/m2),Продава 2-СТАЕН,5-ти от 6,Строителство: Тухла
"град Велико Търново, Център",26 500 EUR,26 m2,(1019 EUR/m2),Продава 2-СТАЕН,"ЕПК, 1980 г.","
"
"град Велико Търново, Център",59 800 EUR,33 m2,(1812 EUR/m2),Продава 2-СТАЕН,4-ти от 8,Строителство: Тухла
"град Велико Търново, Център",61 000 EUR,80 m2,(763 EUR/m2),Продава 2-СТАЕН,Тухла,"
"
"град Велико Търново, Център",61 000 EUR,80 m2,(763 EUR/m2),Продава 2-СТАЕН,"Тухла, 2014 г.","
"
"град Велико Търново, Център",133 000 лв.,61 m2,(2180 лв./m2),Продава 2-СТАЕН,Тухла,"
"
"град Велико Търново, Чолаковци",46 000 EUR,62 m2,(742 EUR/m2),Продава 2-СТАЕН,Панел,"
"
"град Велико Търново, Акация",53 000 EUR,65 m2,(815 EUR/m2),Продава 3-СТАЕН,1-ви от 4,"Строителство: Панел, 1965 г."
"град Велико Търново, Акация",78 000 EUR,95 m2,(821 EUR/m2),Продава 3-СТАЕН,Тухла,"
"
"град Велико Търново, Акация",79 800 EUR,96 m2,(831 EUR/m2),Продава 3-СТАЕН,9-ти от 9,Газ: ДА
"град Велико Търново, Бузлуджа",63 000 EUR,74 m2,(851 EUR/m2),Продава 3-СТАЕН,Тухла,"
"
"град Велико Търново, Зона Б",40 700 EUR,76 m2,(536 EUR/m2),Продава 3-СТАЕН,5-ти от 5,Строителство: Панел
"град Велико Търново, Зона Б",85 800 EUR,105 m2,(817 EUR/m2),Продава 3-СТАЕН,2-ри от 6,Газ: НЕ
"град Велико Търново, Картала",55 000 EUR,66 m2,(833 EUR/m2),Продава 3-СТАЕН,Партер от 6,Строителство: Тухла
"град Велико Търново, Картала",55 000 EUR,75 m2,(733 EUR/m2),Продава 3-СТАЕН,1-ви от 6,"Строителство: Тухла, 2017 г."
"град Велико Търново, Колю Фичето, Спортна зала",80 000 EUR,66 m2,(1212 EUR/m2),Продава 3-СТАЕН,НЕ,ТEЦ: НЕ
"град Велико Търново, Колю Фичето",88 000 EUR,76 m2,(1158 EUR/m2),Продава 3-СТАЕН,Тухла,"
"
"град Велико Търново, Колю Фичето",89 000 EUR,76 m2,(1171 EUR/m2),Продава 3-СТАЕН,Тухла,"
"
"град Велико Търново, Център, Спортна зала",51 500 EUR,67 m2,(769 EUR/m2),Продава 3-СТАЕН,1-ви от 6,Строителство: Панел
"град Велико Търново, Център",115 000 лв.,80 m2,(1438 лв./m2),Продава 3-СТАЕН,2-ри от 9,Строителство: Тухла
"град Велико Търново, Център",123 000 лв.,81 m2,(1519 лв./m2),Продава 3-СТАЕН,2-ри от 5,Строителство: Тухла
"град Велико Търново, Център",63 000 EUR,77 m2,(818 EUR/m2),Продава 3-СТАЕН,2-ри от 8,Строителство: Тухла
"град Велико Търново, Център",76 000 EUR,79 m2,(962 EUR/m2),Продава 3-СТАЕН,5-ти от 6,Строителство: Тухла
"град Велико Търново, Център",83 600 EUR,90 m2,(929 EUR/m2),Продава 3-СТАЕН,3-ти от 7,Газ: НЕ
"град Велико Търново, Център",85 000 EUR,90 m2,(944 EUR/m2),Продава 3-СТАЕН,7-ми от 8,Строителство: Тухла
"град Велико Търново, Център",85 000 EUR,81 m2,(1049 EUR/m2),Продава 3-СТАЕН,Тухла,"
"
"град Велико Търново, Център",86 500 EUR,90 m2,(961 EUR/m2),Продава 3-СТАЕН,"Тухла, 2021 г.","
"
"град Велико Търново, Център",87 500 EUR,120 m2,(729 EUR/m2),Продава 3-СТАЕН,Тухла,"
"
"град Велико Търново, Център",87 500 EUR,90 m2,(972 EUR/m2),Продава 3-СТАЕН,3-ти от 4,Строителство: Тухла
"град Велико Търново, Център",89 500 EUR,130 m2,(688 EUR/m2),Продава 3-СТАЕН,Тухла,"
"
"град Велико Търново, Център",93 000 EUR,104 m2,(894 EUR/m2),Продава 3-СТАЕН,2-ри от 4,Строителство: Тухла
"град Велико Търново, Център",97 500 EUR,96 m2,(1016 EUR/m2),Продава 3-СТАЕН,Тухла,"
"
"град Велико Търново, Център",113 000 EUR,114 m2,(991 EUR/m2),Продава 3-СТАЕН,4-ти от 4,Газ: НЕ
"град Велико Търново, Център",114 000 EUR,94 m2,(1213 EUR/m2),Продава 3-СТАЕН,Тухла,"
"
"град Велико Търново, Център",115 000 EUR,143 m2,(804 EUR/m2),Продава 3-СТАЕН,8-ми от 8,"Строителство: Тухла, 2020 г."
"град Велико Търново, Център",130 000 EUR,92 m2,(1413 EUR/m2),Продава 3-СТАЕН,"Тухла, 2005 г.","
"
"град Велико Търново, Център",154 000 EUR,110 m2,(1400 EUR/m2),Продава 3-СТАЕН,Тухла,"
"
"град Велико Търново, Център",160 000 EUR,152 m2,(1053 EUR/m2),Продава 3-СТАЕН,Тухла,"
"
"град Велико Търново, Бузлуджа",207 000 EUR,197 m2,(1051 EUR/m2),Продава 4-СТАЕН,9-ти от 9,"Строителство: Тухла, 2020 г."
"град Велико Търново, Център",79 000 EUR,91 m2,(868 EUR/m2),Продава 4-СТАЕН,5-ти от 5,Строителство: Тухла
"град Велико Търново, Център, бул.'България' 38 ",90 000 EUR,95 m2,(947 EUR/m2),Продава 4-СТАЕН,3-ти от 7,Строителство: Тухла
"град Велико Търново, Център",129 400 EUR,131 m2,(988 EUR/m2),Продава 4-СТАЕН,3-ти от 4,Строителство: Тухла
"град Велико Търново, Акация",28 800 EUR,35 m2,(823 EUR/m2),Продава 1-СТАЕН,Партер от 4,"Строителство: Тухла, 1980 г."
"град Велико Търново, Акация",29 000 EUR,28 m2,(1036 EUR/m2),Продава 1-СТАЕН,Партер от 10,Строителство: Тухла
"град Велико Търново, Акация",29 000 EUR,28 m2,(1036 EUR/m2),Продава 1-СТАЕН,Партер от 6,Строителство: Тухла
"град Велико Търново, Акация",29 000 EUR,28 m2,(1036 EUR/m2),Продава 1-СТАЕН,Партер от 10,"Строителство: Тухла, 1980 г."
"град Велико Търново, Акация",29 000 EUR,28 m2,(1036 EUR/m2),Продава 1-СТАЕН,Партер от 7,"Строителство: Тухла, 1995 г."
"град Велико Търново, Акация",36 600 EUR,42 m2,(871 EUR/m2),Продава 1-СТАЕН,"Тухла, 2010 г.","
"
"град Велико Търново, Акация",58 000 EUR,37 m2,(1568 EUR/m2),Продава 1-СТАЕН,Тухла,"
"
"град Велико Търново, Акация",62 000 EUR,50 m2,(1240 EUR/m2),Продава 1-СТАЕН,2-ри от 3,"Строителство: Тухла, 2000 г."
"град Велико Търново, Бузлуджа",26 000 EUR,22 m2,(1182 EUR/m2),Продава 1-СТАЕН,4-ти от 4,Газ: НЕ
"град Велико Търново, Бузлуджа",26 000 EUR,22 m2,(1182 EUR/m2),Продава 1-СТАЕН,4-ти от 4,Строителство: Тухла
"град Велико Търново, Бузлуджа",51 000 лв.,28 m2,(1821 лв./m2),Продава 1-СТАЕН,4-ти от 4,Строителство: Тухла
"град Велико Търново, Бузлуджа",26 600 EUR,25 m2,(1064 EUR/m2),Продава 1-СТАЕН,Тухла,"
"
"град Велико Търново, Бузлуджа",27 000 EUR,24 m2,(1125 EUR/m2),Продава 1-СТАЕН,"Тухла, 2020 г.","
"
"град Велико Търново, Бузлуджа",27 000 EUR,25 m2,(1080 EUR/m2),Продава 1-СТАЕН,Тухла,"
"
"град Велико Търново, Бузлуджа",28 000 EUR,22 m2,(1273 EUR/m2),Продава 1-СТАЕН,Тухла,"
"
"град Велико Търново, Бузлуджа",55 000 лв.,25 m2,(2200 лв./m2),Продава 1-СТАЕН,2-ри от 3,Строителство: Тухла
"град Велико Търново, Бузлуджа",64 000 лв.,22 m2,(2909 лв./m2),Продава 1-СТАЕН,Тухла,"
"
"град Велико Търново, Бузлуджа",75 000 лв.,42 m2,(1786 лв./m2),Продава 1-СТАЕН,Панел,"
"
"град Велико Търново, Бузлуджа",48 600 EUR,58 m2,(838 EUR/m2),Продава 1-СТАЕН,6-ти от 6,"Строителство: Тухла, 2017 г."
"град Велико Търново, Бузлуджа",54 700 EUR,57 m2,(960 EUR/m2),Продава 1-СТАЕН,6-ти от 6,Строителство: Тухла
"град Велико Търново, Зона Б",36 000 EUR,29 m2,(1241 EUR/m2),Продава 1-СТАЕН,1-ви от 5,Строителство: Тухла
"град Велико Търново, Зона Б",36 050 EUR,45 m2,(801 EUR/m2),Продава 1-СТАЕН,2-ри от 6,Строителство: Панел
"град Велико Търново, Картала",37 000 EUR,33 m2,(1121 EUR/m2),Продава 1-СТАЕН,8-ми от 8,Строителство: Тухла
"град Велико Търново, Картала",57 000 EUR,39 m2,(1462 EUR/m2),Продава 1-СТАЕН,"Тухла, 2020 г.","
"
"град Велико Търново, Колю Фичето",35 100 EUR,57 m2,(616 EUR/m2),Продава 1-СТАЕН,3-ти от 6,Газ: ДА
"град Велико Търново, Колю Фичето",38 500 EUR,40 m2,(963 EUR/m2),Продава 1-СТАЕН,Тухла,"
"
"град Велико Търново, Колю Фичето",49 600 EUR,47 m2,(1055 EUR/m2),Продава 1-СТАЕН,2-ри от 2,Газ: НЕ
"град Велико Търново, Света гора",31 110 EUR,62 m2,(502 EUR/m2),Продава 1-СТАЕН,2-ри от 5,ТEЦ: НЕ
"град Велико Търново, Център",21 000 EUR,50 m2,(420 EUR/m2),Продава 1-СТАЕН,3-ти от 3,Строителство: Тухла
"град Велико Търново, Център",21 000 EUR,50 m2,(420 EUR/m2),Продава 1-СТАЕН,3-ти от 3,"Строителство: Тухла, 1970 г."
"град Велико Търново, Център",41 500 лв.,50 m2,(830 лв./m2),Продава 1-СТАЕН,Тухла,"
"
"град Велико Търново, Център",21 500 EUR,50 m2,(430 EUR/m2),Продава 1-СТАЕН,3-ти от 3,Строителство: Тухла
"град Велико Търново, Център",21 500 EUR,50 m2,(430 EUR/m2),Продава 1-СТАЕН,Тухла,"
"
"град Велико Търново, Център",22 000 EUR,50 m2,(440 EUR/m2),Продава 1-СТАЕН,Тухла,"
"
"град Велико Търново, Център",23 000 EUR,50 m2,(460 EUR/m2),Продава 1-СТАЕН,Тухла,"
"
"град Велико Търново, Център",25 500 EUR,20 m2,(1275 EUR/m2),Продава 1-СТАЕН,6-ти от 9,"Строителство: Тухла, 2020 г."
"град Велико Търново, Център",25 500 EUR,18 m2,(1417 EUR/m2),Продава 1-СТАЕН,7-ми от 9,"Строителство: Тухла, 2020 г."
"град Велико Търново, Център, Беляковско шосе",57 000 лв.,37 m2,(1541 лв./m2),Продава 1-СТАЕН,Партер от 4,Строителство: Тухла
"град Велико Търново, Център",35 000 EUR,37 m2,(946 EUR/m2),Продава 1-СТАЕН,Тухла,"
"
"град Велико Търново, Център",36 000 EUR,40 m2,(900 EUR/m2),Продава 1-СТАЕН,Тухла,"
"
"град Велико Търново, Център, Нова Болница",40 000 EUR,40 m2,(1000 EUR/m2),Продава 1-СТАЕН,Тухла,"
"
"град Велико Търново, Център",40 000 EUR,27 m2,(1481 EUR/m2),Продава 1-СТАЕН,Тухла,"
"
"град Велико Търново, Център",82 000 лв.,42 m2,(1952 лв./m2),Продава 1-СТАЕН,2-ри от 7,Газ: НЕ
"град Велико Търново, Център, Център",42 000 EUR,42 m2,(1000 EUR/m2),Продава 1-СТАЕН,2-ри от 5,Газ: НЕ
"град Велико Търново, Център",45 500 EUR,32 m2,(1422 EUR/m2),Продава 1-СТАЕН,3-ти от 5,"Строителство: Тухла, 2021 г."
"град Велико Търново, Център",49 800 EUR,40 m2,(1245 EUR/m2),Продава 1-СТАЕН,1-ви от 6,"Строителство: Тухла, 2021 г."
"град Велико Търново, Център",50 100 EUR,36 m2,(1392 EUR/m2),Продава 1-СТАЕН,Тухла,"
"
"град Велико Търново, Център, Акация",55 000 EUR,37 m2,(1486 EUR/m2),Продава 1-СТАЕН,Тухла,"
"
"град Велико Търново, Център, Акация",57 000 EUR,36 m2,(1583 EUR/m2),Продава 1-СТАЕН,Тухла,"
"
"град Велико Търново, Център",60 000 EUR,50 m2,(1200 EUR/m2),Продава 1-СТАЕН,1-ви от 3,"Строителство: Тухла, 1980 г."
"град Велико Търново, Център",62 000 EUR,50 m2,(1240 EUR/m2),Продава 1-СТАЕН,1-ви от 3,Строителство: Тухла
"град Велико Търново, Център",62 000 EUR,45 m2,(1378 EUR/m2),Продава 1-СТАЕН,2-ри от 2,Строителство: Тухла
"град Велико Търново, Център",62 000 EUR,50 m2,(1240 EUR/m2),Продава 1-СТАЕН,Тухла,"
"
"град Велико Търново, Център",,1 m2,,Продава 1-СТАЕН,Тухла,"
"
"град Велико Търново, Чолаковци",61 000 лв.,38 m2,(1605 лв./m2),Продава 1-СТАЕН,4-ти от 6,Строителство: Панел
"град Велико Търново, Чолаковци",31 700 EUR,44 m2,(720 EUR/m2),Продава 1-СТАЕН,5-ти от 6,Газ: НЕ
"град Велико Търново, Чолаковци, Бела Бона 11",62 000 лв.,44 m2,(1409 лв./m2),Продава 1-СТАЕН,5-ти от 6,Строителство: Панел
"град Велико Търново, Чолаковци",65 000 лв.,42 m2,(1548 лв./m2),Продава 1-СТАЕН,4-ти от 6,Газ: НЕ
"град Велико Търново, Акация",63 500 EUR,96 m2,(661 EUR/m2),Продава 2-СТАЕН,4-ти от 4,Строителство: Тухла
"град Велико Търново, Акация",64 000 EUR,91 m2,(703 EUR/m2),Продава 2-СТАЕН,1-ви от 4,Строителство: Тухла
"град Велико Търново, Акация",66 900 EUR,55 m2,(1216 EUR/m2),Продава 2-СТАЕН,2-ри от 6,Строителство: Тухла
"град Велико Търново, Акация",131 000 лв.,47 m2,(2787 лв./m2),Продава 2-СТАЕН,Тухла,"
"
"град Велико Търново, Акация",67 000 EUR,60 m2,(1117 EUR/m2),Продава 2-СТАЕН,3-ти от 7,"Строителство: Тухла, 2011 г."
"град Велико Търново, Акация",67 000 EUR,55 m2,(1218 EUR/m2),Продава 2-СТАЕН,Тухла,"
"
"град Велико Търново, Акация",68 100 EUR,60 m2,(1135 EUR/m2),Продава 2-СТАЕН,3-ти от 7,Строителство: Тухла
"град Велико Търново, Акация",79 000 EUR,70 m2,(1129 EUR/m2),Продава 2-СТАЕН,3-ти от 4,Строителство: Тухла
"град Велико Търново, Бузлуджа",32 000 EUR,45 m2,(711 EUR/m2),Продава 2-СТАЕН,Тухла,"
"
"град Велико Търново, Бузлуджа",38 000 EUR,68 m2,(559 EUR/m2),Продава 2-СТАЕН,7-ми от 7,"Строителство: Панел, 1980 г."
"град Велико Търново, Бузлуджа",38 000 EUR,65 m2,(585 EUR/m2),Продава 2-СТАЕН,6-ти от 7,Строителство: Панел
"град Велико Търново, Бузлуджа",75 000 лв.,48 m2,(1563 лв./m2),Продава 2-СТАЕН,6-ти от 6,Строителство: Панел
"град Велико Търново, Бузлуджа",38 350 EUR,53 m2,(724 EUR/m2),Продава 2-СТАЕН,6-ти от 6,Строителство: Панел
"град Велико Търново, Бузлуджа",39 000 EUR,41 m2,(951 EUR/m2),Продава 2-СТАЕН,Тухла,"
"
"град Велико Търново, Бузлуджа",39 200 EUR,53 m2,(740 EUR/m2),Продава 2-СТАЕН,Панел,"
"
"град Велико Търново, Бузлуджа",80 000 лв.,50 m2,(1600 лв./m2),Продава 2-СТАЕН,Панел,"
"
"град Велико Търново, Бузлуджа",84 000 лв.,50 m2,(1680 лв./m2),Продава 2-СТАЕН,ДА,Строителство: Панел
"град Велико Търново, Бузлуджа",84 000 лв.,43 m2,(1953 лв./m2),Продава 2-СТАЕН,Панел,"
"
"град Велико Търново, Бузлуджа",46 000 EUR,43 m2,(1070 EUR/m2),Продава 2-СТАЕН,Панел,"
"
"град Велико Търново, Бузлуджа",46 900 EUR,57 m2,(823 EUR/m2),Продава 2-СТАЕН,8-ми от 8,Строителство: Панел
"град Велико Търново, Бузлуджа",92 000 лв.,58 m2,(1586 лв./m2),Продава 2-СТАЕН,"Тухла, 2019 г.","
"
"град Велико Търново, Бузлуджа",47 500 EUR,60 m2,(792 EUR/m2),Продава 2-СТАЕН,Тухла,"
"
"град Велико Търново, Бузлуджа, Била",47 550 EUR,76 m2,(626 EUR/m2),Продава 2-СТАЕН,1-ви от 6,"Строителство: Панел, 1984 г."
"град Велико Търново, Бузлуджа",48 000 EUR,65 m2,(738 EUR/m2),Продава 2-СТАЕН,8-ми от 8,"Строителство: Панел, 1980 г."
"град Велико Търново, Бузлуджа",48 300 EUR,57 m2,(847 EUR/m2),Продава 2-СТАЕН,8-ми от 8,Газ: НЕ
"град Велико Търново, Бузлуджа",48 300 EUR,51 m2,(947 EUR/m2),Продава 2-СТАЕН,Панел,"
"
"град Велико Търново, Бузлуджа",48 300 EUR,55 m2,(878 EUR/m2),Продава 2-СТАЕН,8-ми от 8,Строителство: Панел
"град Велико Търново, Бузлуджа",48 300 EUR,57 m2,(847 EUR/m2),Продава 2-СТАЕН,8-ми от 8,Строителство: Панел
"град Велико Търново, Бузлуджа",48 300 EUR,57 m2,(847 EUR/m2),Продава 2-СТАЕН,Панел,"
"
"град Велико Търново, Бузлуджа",48 400 EUR,57 m2,(849 EUR/m2),Продава 2-СТАЕН,8-ми от 8,Строителство: Панел
"град Велико Търново, Бузлуджа",94 800 лв.,57 m2,(1663 лв./m2),Продава 2-СТАЕН,8-ми от 8,Строителство: Панел
"град Велико Търново, Бузлуджа",94 800 лв.,54 m2,(1756 лв./m2),Продава 2-СТАЕН,Панел,"
"
"град Велико Търново, Бузлуджа",48 500 EUR,57 m2,(851 EUR/m2),Продава 2-СТАЕН,8-ми от 8,Газ: НЕ
"град Велико Търново, Бузлуджа",48 500 EUR,57 m2,(851 EUR/m2),Продава 2-СТАЕН,"Панел, 1987 г.","
"
"град Велико Търново, Бузлуджа",48 500 EUR,57 m2,(851 EUR/m2),Продава 2-СТАЕН,8-ми от 8,"Строителство: Панел, 1987 г."
"град Велико Търново, Бузлуджа",95 000 лв.,65 m2,(1462 лв./m2),Продава 2-СТАЕН,2-ри от 6,Строителство: Тухла
"град Велико Търново, Бузлуджа",96 000 лв.,56 m2,(1714 лв./m2),Продава 2-СТАЕН,2-ри от 6,Газ: НЕ
"град Велико Търново, Бузлуджа",97 000 лв.,55 m2,(1764 лв./m2),Продава 2-СТАЕН,4-ти от 6,Строителство: Панел
"град Велико Търново, Бузлуджа",97 000 лв.,56 m2,(1732 лв./m2),Продава 2-СТАЕН,"Тухла, 2019 г.","
"
"град Велико Търново, Бузлуджа",50 300 EUR,45 m2,(1118 EUR/m2),Продава 2-СТАЕН,Тухла,"
"
"град Велико Търново, Бузлуджа",99 000 лв.,44 m2,(2250 лв./m2),Продава 2-СТАЕН,Панел,"
"
"град Велико Търново, Бузлуджа",101 000 лв.,50 m2,(2020 лв./m2),Продава 2-СТАЕН,Панел,"
"
"град Велико Търново, Бузлуджа",53 000 EUR,59 m2,(898 EUR/m2),Продава 2-СТАЕН,Тухла,"
"
"град Велико Търново, Бузлуджа",53 700 EUR,65 m2,(826 EUR/m2),Продава 2-СТАЕН,2-ри от 6,Строителство: Тухла
"град Велико Търново, Бузлуджа",53 700 EUR,82 m2,(655 EUR/m2),Продава 2-СТАЕН,5-ти от 5,Строителство: Панел
"град Велико Търново, Бузлуджа",54 000 EUR,61 m2,(885 EUR/m2),Продава 2-СТАЕН,2-ри от 6,Строителство: Тухла
"град Велико Търново, Бузлуджа",54 000 EUR,70 m2,(771 EUR/m2),Продава 2-СТАЕН,Тухла,"
"
"град Велико Търново, Бузлуджа, Качица",54 700 EUR,62 m2,(882 EUR/m2),Продава 2-СТАЕН,2-ри от 6,"Строителство: Тухла, 2020 г."
"град Велико Търново, Бузлуджа",107 000 лв.,57 m2,(1877 лв./m2),Продава 2-СТАЕН,"Тухла, 2020 г.","
"
"град Велико Търново, Бузлуджа",107 000 лв.,56 m2,(1911 лв./m2),Продава 2-СТАЕН,Тухла,"
"
"град Велико Търново, Бузлуджа",55 000 EUR,64 m2,(859 EUR/m2),Продава 2-СТАЕН,3-ти от 4,Газ: НЕ
"град Велико Търново, Бузлуджа",55 000 EUR,64 m2,(859 EUR/m2),Продава 2-СТАЕН,1-ви от 5,Газ: НЕ
"град Велико Търново, Бузлуджа",55 000 EUR,59 m2,(932 EUR/m2),Продава 2-СТАЕН,1-ви от 5,Газ: ДА
"град Велико Търново, Бузлуджа",55 000 EUR,44 m2,(1250 EUR/m2),Продава 2-СТАЕН,Панел,"
"
"град Велико Търново, Бузлуджа",55 296 EUR,54 m2,(1024 EUR/m2),Продава 2-СТАЕН,Тухла,"
"
"град Велико Търново, Бузлуджа",55 662 EUR,86 m2,(647 EUR/m2),Продава 2-СТАЕН,Тухла,"
"
"град Велико Търново, Бузлуджа",55 662 EUR,86 m2,(647 EUR/m2),Продава 2-СТАЕН,ДА,ТEЦ: НЕ
"град Велико Търново, Бузлуджа",55 662 EUR,85 m2,(655 EUR/m2),Продава 2-СТАЕН,1-ви от 5,"Строителство: Тухла, 2021 г."
"град Велико Търново, Бузлуджа",55 662 EUR,85 m2,(655 EUR/m2),Продава 2-СТАЕН,Партер от 5,Газ: ДА
"град Велико Търново, Бузлуджа",56 500 EUR,57 m2,(991 EUR/m2),Продава 2-СТАЕН,2-ри от 7,"Строителство: Тухла, 2008 г."
"град Велико Търново, Бузлуджа",56 500 EUR,57 m2,(991 EUR/m2),Продава 2-СТАЕН,Партер от 6,Строителство: Тухла
"град Велико Търново, Бузлуджа",56 600 EUR,56 m2,(1011 EUR/m2),Продава 2-СТАЕН,1-ви от 5,Строителство: Тухла
"град Велико Търново, Бузлуджа",59 522 EUR,91 m2,(654 EUR/m2),Продава 2-СТАЕН,Партер от 5,Газ: ДА
"град Велико Търново, Бузлуджа",59 800 EUR,54 m2,(1107 EUR/m2),Продава 2-СТАЕН,Тухла,"
"
"град Велико Търново, Бузлуджа",117 000 лв.,65 m2,(1800 лв./m2),Продава 2-СТАЕН,"Тухла, 2018 г.","
"
"град Велико Търново, Бузлуджа",117 000 лв.,55 m2,(2127 лв./m2),Продава 2-СТАЕН,2-ри от 5,Строителство: Тухла
"град Велико Търново, Бузлуджа",60 000 EUR,60 m2,(1000 EUR/m2),Продава 2-СТАЕН,2-ри от 6,Строителство: Тухла
"град Велико Търново, Бузлуджа, магазин Лидъл",62 000 EUR,76 m2,(816 EUR/m2),Продава 2-СТАЕН,5-ти от 6,"Строителство: Тухла, 2022 г."
"град Велико Търново, Бузлуджа, магазин Лидъл",62 000 EUR,75 m2,(827 EUR/m2),Продава 2-СТАЕН,5-ти от 6,"Строителство: Тухла, 2022 г."
"град Велико Търново, Бузлуджа",68 000 EUR,73 m2,(932 EUR/m2),Продава 2-СТАЕН,1-ви от 5,Газ: ДА
"град Велико Търново, Бузлуджа",69 092 EUR,106 m2,(652 EUR/m2),Продава 2-СТАЕН,1-ви от 5,Газ: ДА
"град Велико Търново, Бузлуджа",69 500 EUR,84 m2,(827 EUR/m2),Продава 2-СТАЕН,ДА,ТEЦ: НЕ
"град Велико Търново, Бузлуджа",72 000 EUR,63 m2,(1143 EUR/m2),Продава 2-СТАЕН,4-ти от 5,Строителство: Панел
"град Велико Търново, Бузлуджа",72 000 EUR,63 m2,(1143 EUR/m2),Продава 2-СТАЕН,4-ти от 6,Строителство: Панел
"град Велико Търново, Бузлуджа",75 000 EUR,76 m2,(987 EUR/m2),Продава 2-СТАЕН,3-ти от 5,Газ: НЕ
"град Велико Търново, Бузлуджа",75 000 EUR,85 m2,(882 EUR/m2),Продава 2-СТАЕН,3-ти от 5,Строителство: Тухла
"град Велико Търново, Бузлуджа",85 000 EUR,62 m2,(1371 EUR/m2),Продава 2-СТАЕН,4-ти от 4,Газ: НЕ
"град Велико Търново, Бузлуджа",94 000 EUR,77 m2,(1221 EUR/m2),Продава 2-СТАЕН,3-ти от 6,Газ: ДА
"град Велико Търново, Бузлуджа",95 000 EUR,62 m2,(1532 EUR/m2),Продава 2-СТАЕН,5-ти от 5,Газ: НЕ
"град Велико Търново, Варуша, до Американския колеж",58 000 EUR,75 m2,(773 EUR/m2),Продава 2-СТАЕН,Тухла,"
"
"град Велико Търново, Варуша",58 000 EUR,75 m2,(773 EUR/m2),Продава 2-СТАЕН,Тухла,"
"
"град Велико Търново, Варуша",63 500 EUR,78 m2,(814 EUR/m2),Продава 2-СТАЕН,НЕ,ТEЦ: НЕ
"град Велико Търново, Зона Б",34 900 EUR,40 m2,(873 EUR/m2),Продава 2-СТАЕН,Панел,"
"
"град Велико Търново, Зона Б",38 000 EUR,67 m2,(567 EUR/m2),Продава 2-СТАЕН,5-ти от 5,ТEЦ: НЕ
"град Велико Търново, Зона Б",75 000 лв.,65 m2,(1154 лв./m2),Продава 2-СТАЕН,"Панел, 1987 г.","
"
"град Велико Търново, Зона Б",75 000 лв.,64 m2,(1172 лв./m2),Продава 2-СТАЕН,Панел,"
"
"град Велико Търново, Зона Б",75 000 лв.,60 m2,(1250 лв./m2),Продава 2-СТАЕН,5-ти от 5,"Строителство: Панел, 1990 г."
"град Велико Търново, Зона Б",38 400 EUR,68 m2,(565 EUR/m2),Продава 2-СТАЕН,Панел,"
"
"град Велико Търново, Зона Б",39 500 EUR,67 m2,(590 EUR/m2),Продава 2-СТАЕН,5-ти от 5,Строителство: Панел
"град Велико Търново, Зона Б",39 900 EUR,65 m2,(614 EUR/m2),Продава 2-СТАЕН,5-ти от 5,Строителство: Панел
"град Велико Търново, Зона Б",79 000 лв.,70 m2,(1129 лв./m2),Продава 2-СТАЕН,Панел,"
"
"град Велико Търново, Зона Б",41 000 EUR,87 m2,(471 EUR/m2),Продава 2-СТАЕН,Панел,"
"
"град Велико Търново, Зона Б",41 000 EUR,76 m2,(539 EUR/m2),Продава 2-СТАЕН,5-ти от 5,Строителство: Панел
"град Велико Търново, Зона Б",90 000 лв.,59 m2,(1525 лв./m2),Продава 2-СТАЕН,1-ви от 5,Строителство: Панел
"град Велико Търново, Зона Б",52 275 EUR,69 m2,(758 EUR/m2),Продава 2-СТАЕН,"Тухла, 2021 г.","
"
"град Велико Търново, Зона Б",55 900 EUR,76 m2,(736 EUR/m2),Продава 2-СТАЕН,Тухла,"
"
"град Велико Търново, Зона Б",110 500 лв.,45 m2,(2456 лв./m2),Продава 2-СТАЕН,Партер от 6,Строителство: Тухла
"град Велико Търново, Зона Б",56 500 EUR,50 m2,(1130 EUR/m2),Продава 2-СТАЕН,Тухла,"
"
"град Велико Търново, Зона Б",56 500 EUR,45 m2,(1256 EUR/m2),Продава 2-СТАЕН,1-ви от 6,ТEЦ: НЕ
"град Велико Търново, Зона Б",56 500 EUR,45 m2,(1256 EUR/m2),Продава 2-СТАЕН,Тухла,"
"
"град Велико Търново, Зона Б",56 500 EUR,45 m2,(1256 EUR/m2),Продава 2-СТАЕН,Партер от 4,"Строителство: Тухла, 2000 г."
"град Велико Търново, Зона Б",56 650 EUR,45 m2,(1259 EUR/m2),Продава 2-СТАЕН,Партер от 4,Строителство: Тухла
"град Велико Търново, Зона Б",57 000 EUR,45 m2,(1267 EUR/m2),Продава 2-СТАЕН,Тухла,"
"
"град Велико Търново, Зона Б",58 000 EUR,45 m2,(1289 EUR/m2),Продава 2-СТАЕН,1-ви от 4,Газ: ДА
"град Велико Търново, Зона Б",58 200 EUR,52 m2,(1119 EUR/m2),Продава 2-СТАЕН,Партер от 4,Строителство: Тухла
"град Велико Търново, Зона Б",114 000 лв.,45 m2,(2533 лв./m2),Продава 2-СТАЕН,1-ви от 4,Газ: ДА
"град Велико Търново, Зона Б",65 500 EUR,66 m2,(992 EUR/m2),Продава 2-СТАЕН,2-ри от 6,"Строителство: Тухла, 2022 г."
"град Велико Търново, Зона Б",65 830 EUR,86 m2,(765 EUR/m2),Продава 2-СТАЕН,1-ви от 4,"Строителство: Тухла, 2021 г."
"град Велико Търново, Зона Б",128 800 лв.,60 m2,(2147 лв./m2),Продава 2-СТАЕН,1-ви от 6,Строителство: Тухла
"град Велико Търново, Зона Б",66 000 EUR,86 m2,(767 EUR/m2),Продава 2-СТАЕН,2-ри от 6,"Строителство: Тухла, 2020 г."
"град Велико Търново, Зона Б",,70 m2,,Продава 2-СТАЕН,Тухла,"
"
"град Велико Търново, Картала",44 800 EUR,72 m2,(622 EUR/m2),Продава 2-СТАЕН,Тухла,"
"
"град Велико Търново, Картала",51 720 EUR,69 m2,(750 EUR/m2),Продава 2-СТАЕН,1-ви от 6,Строителство: Тухла
"град Велико Търново, Картала",57 700 EUR,81 m2,(712 EUR/m2),Продава 2-СТАЕН,2-ри от 6,Строителство: Тухла
"град Велико Търново, Картала",59 000 EUR,81 m2,(728 EUR/m2),Продава 2-СТАЕН,2-ри от 6,Строителство: Тухла
"град Велико Търново, Картала",59 500 EUR,59 m2,(1008 EUR/m2),Продава 2-СТАЕН,ДА,Строителство: Тухла
"град Велико Търново, Картала",59 500 EUR,59 m2,(1008 EUR/m2),Продава 2-СТАЕН,8-ми от 8,Газ: ДА
"град Велико Търново, Картала",117 000 лв.,68 m2,(1721 лв./m2),Продава 2-СТАЕН,5-ти от 5,Строителство: Тухла
"град Велико Търново, Картала",60 000 EUR,70 m2,(857 EUR/m2),Продава 2-СТАЕН,Тухла,"
"
"град Велико Търново, Картала",60 000 EUR,63 m2,(952 EUR/m2),Продава 2-СТАЕН,"Тухла, 2020 г.","
"
"град Велико Търново, Картала",60 000 EUR,65 m2,(923 EUR/m2),Продава 2-СТАЕН,5-ти от 5,"Строителство: Тухла, 2010 г."
"град Велико Търново, Картала",60 000 EUR,68 m2,(882 EUR/m2),Продава 2-СТАЕН,4-ти от 4,"Строителство: Тухла, 2018 г."
"град Велико Търново, Картала",60 000 EUR,64 m2,(938 EUR/m2),Продава 2-СТАЕН,4-ти от 4,Газ: НЕ
"град Велико Търново, Картала",60 000 EUR,68 m2,(882 EUR/m2),Продава 2-СТАЕН,5-ти от 5,"Строителство: Тухла, 2021 г."
"град Велико Търново, Картала",60 000 EUR,65 m2,(923 EUR/m2),Продава 2-СТАЕН,5-ти от 5,Строителство: Тухла
"град Велико Търново, Картала",61 800 EUR,67 m2,(922 EUR/m2),Продава 2-СТАЕН,Тухла,"
"
"град Велико Търново, Картала",61 800 EUR,65 m2,(951 EUR/m2),Продава 2-СТАЕН,Тухла,"
"
"град Велико Търново, Картала",61 800 EUR,67 m2,(922 EUR/m2),Продава 2-СТАЕН,4-ти от 4,Газ: НЕ
"град Велико Търново, Картала",62 000 EUR,64 m2,(969 EUR/m2),Продава 2-СТАЕН,4-ти от 4,Строителство: Тухла
"град Велико Търново, Картала",62 000 EUR,64 m2,(969 EUR/m2),Продава 2-СТАЕН,4-ти от 4,Строителство: Тухла
"град Велико Търново, Картала",62 000 EUR,67 m2,(925 EUR/m2),Продава 2-СТАЕН,Тухла,"
"
"град Велико Търново, Картала",63 500 EUR,79 m2,(804 EUR/m2),Продава 2-СТАЕН,Тухла,"
"
"град Велико Търново, Картала",65 000 EUR,60 m2,(1083 EUR/m2),Продава 2-СТАЕН,Тухла,"
"
"град Велико Търново, Картала",65 760 EUR,80 m2,(822 EUR/m2),Продава 2-СТАЕН,4-ти от 6,Газ: ДА
"град Велико Търново, Картала",66 630 EUR,89 m2,(749 EUR/m2),Продава 2-СТАЕН,1-ви от 6,Строителство: Тухла
"град Велико Търново, Картала",68 000 EUR,60 m2,(1133 EUR/m2),Продава 2-СТАЕН,5-ти от 7,"Строителство: Тухла, 2020 г."
"град Велико Търново, Картала",70 000 EUR,68 m2,(1029 EUR/m2),Продава 2-СТАЕН,Тухла,"
"
"град Велико Търново, Картала",70 000 EUR,65 m2,(1077 EUR/m2),Продава 2-СТАЕН,Тухла,"
"
"град Велико Търново, Картала",70 000 EUR,67 m2,(1045 EUR/m2),Продава 2-СТАЕН,Тухла,"
"
"град Велико Търново, Картала",70 000 EUR,66 m2,(1061 EUR/m2),Продава 2-СТАЕН,НЕ,ТEЦ: ДА
"град Велико Търново, Картала",141 015 лв.,66 m2,(2137 лв./m2),Продава 2-СТАЕН,6-ти от 6,"Строителство: Тухла, 2012 г."
"град Велико Търново, Картала",83 020 EUR,111 m2,(748 EUR/m2),Продава 2-СТАЕН,6-ти от 6,Строителство: Тухла
"град Велико Търново, Картала",95 100 EUR,127 m2,(749 EUR/m2),Продава 2-СТАЕН,1-ви от 6,Строителство: Тухла
"град Велико Търново, Колю Фичето",39 000 EUR,30 m2,(1300 EUR/m2),Продава 2-СТАЕН,14-ти от 15,Строителство: ЕПК
"град Велико Търново, Колю Фичето",39 000 EUR,42 m2,(929 EUR/m2),Продава 2-СТАЕН,14-ти от 15,Строителство: Тухла
"град Велико Търново, Колю Фичето",40 000 EUR,42 m2,(952 EUR/m2),Продава 2-СТАЕН,14-ти от 15,"Строителство: ЕПК, 1989 г."
"град Велико Търново, Колю Фичето",40 000 EUR,45 m2,(889 EUR/m2),Продава 2-СТАЕН,Тухла,"
"
"град Велико Търново, Колю Фичето, Спортна зала",40 000 EUR,40 m2,(1000 EUR/m2),Продава 2-СТАЕН,14-ти от 14,"Строителство: Тухла, 1986 г."
"град Велико Търново, Колю Фичето",40 000 EUR,40 m2,(1000 EUR/m2),Продава 2-СТАЕН,14-ти от 15,Строителство: Тухла
"град Велико Търново, Колю Фичето",40 000 EUR,45 m2,(889 EUR/m2),Продава 2-СТАЕН,14-ти от 15,"Строителство: Тухла, 1980 г."
"град Велико Търново, Колю Фичето",40 000 EUR,42 m2,(952 EUR/m2),Продава 2-СТАЕН,ЕПК,"
"
"град Велико Търново, Колю Фичето, Краков",40 500 EUR,42 m2,(964 EUR/m2),Продава 2-СТАЕН,14-ти от 15,Газ: НЕ
"град Велико Търново, Колю Фичето",40 500 EUR,30 m2,(1350 EUR/m2),Продава 2-СТАЕН,14-ти от 14,Строителство: ЕПК
"град Велико Търново, Колю Фичето",42 000 EUR,59 m2,(712 EUR/m2),Продава 2-СТАЕН,Партер от 2,Газ: НЕ
"град Велико Търново, Колю Фичето",85 000 лв.,102 m2,(833 лв./m2),Продава 2-СТАЕН,Тухла,"
"
"град Велико Търново, Колю Фичето",45 000 EUR,60 m2,(750 EUR/m2),Продава 2-СТАЕН,2-ри от 2,Газ: НЕ
"град Велико Търново, Колю Фичето",46 400 EUR,75 m2,(619 EUR/m2),Продава 2-СТАЕН,3-ти от 6,Газ: ДА
"град Велико Търново, Колю Фичето",49 000 EUR,67 m2,(731 EUR/m2),Продава 2-СТАЕН,7-ми от 7,Газ: НЕ
"град Велико Търново, Колю Фичето",55 000 EUR,62 m2,(887 EUR/m2),Продава 2-СТАЕН,1-ви от 2,"Строителство: Тухла, 2010 г."
"град Велико Търново, Колю Фичето",113 000 лв.,60 m2,(1883 лв./m2),Продава 2-СТАЕН,Тухла,"
"
"град Велико Търново, Колю Фичето",59 000 EUR,59 m2,(1000 EUR/m2),Продава 2-СТАЕН,Тухла,"
"
"град Велико Търново, Колю Фичето",60 000 EUR,50 m2,(1200 EUR/m2),Продава 2-СТАЕН,1-ви от 6,"Строителство: Тухла, 2010 г."
"град Велико Търново, Колю Фичето",60 000 EUR,59 m2,(1017 EUR/m2),Продава 2-СТАЕН,1-ви от 6,Газ: НЕ
"град Велико Търново, Колю Фичето",60 000 EUR,64 m2,(938 EUR/m2),Продава 2-СТАЕН,6-ти от 7,Строителство: Тухла
"град Велико Търново, Колю Фичето",60 800 EUR,60 m2,(1013 EUR/m2),Продава 2-СТАЕН,Тухла,"
"
"град Велико Търново, Колю Фичето",60 800 EUR,50 m2,(1216 EUR/m2),Продава 2-СТАЕН,5-ти от 6,"Строителство: Тухла, 2000 г."
"град Велико Търново, Колю Фичето",61 000 EUR,50 m2,(1220 EUR/m2),Продава 2-СТАЕН,Тухла,"
"
"град Велико Търново, Колю Фичето",61 000 EUR,55 m2,(1109 EUR/m2),Продава 2-СТАЕН,5-ти от 6,Строителство: Тухла
"град Велико Търново, Колю Фичето",61 000 EUR,60 m2,(1017 EUR/m2),Продава 2-СТАЕН,Тухла,"
"
"град Велико Търново, Колю Фичето",62 000 EUR,50 m2,(1240 EUR/m2),Продава 2-СТАЕН,5-ти от 6,Газ: НЕ
"град Велико Търново, Колю Фичето",62 000 EUR,100 m2,(620 EUR/m2),Продава 2-СТАЕН,9-ти от 10,ТEЦ: НЕ
"град Велико Търново, Колю Фичето",63 000 EUR,56 m2,(1125 EUR/m2),Продава 2-СТАЕН,Тухла,"
"
"град Велико Търново, Колю Фичето",69 000 EUR,70 m2,(986 EUR/m2),Продава 2-СТАЕН,3-ти от 6,"Строителство: Тухла, 2019 г."
"град Велико Търново, Колю Фичето",70 000 EUR,67 m2,(1045 EUR/m2),Продава 2-СТАЕН,5-ти от 6,Газ: НЕ
"град Велико Търново, Колю Фичето",71 000 EUR,75 m2,(947 EUR/m2),Продава 2-СТАЕН,1-ви от 7,Строителство: Тухла
"град Велико Търново, Колю Фичето",71 000 EUR,75 m2,(947 EUR/m2),Продава 2-СТАЕН,1-ви от 6,Газ: НЕ
"град Велико Търново, Колю Фичето",71 000 EUR,79 m2,(899 EUR/m2),Продава 2-СТАЕН,1-ви от 6,Строителство: Тухла
"град Велико Търново, Света гора, м-т Трошана",30 600 EUR,53 m2,(577 EUR/m2),Продава 2-СТАЕН,Партер от 6,Строителство: Тухла
"град Велико Търново, Света гора, Гара Велико Търново",32 000 EUR,82 m2,(390 EUR/m2),Продава 2-СТАЕН,2-ри от 2,ТEЦ: НЕ
"град Велико Търново, Света гора",38 546 EUR,73 m2,(528 EUR/m2),Продава 2-СТАЕН,3-ти от 5,ТEЦ: НЕ
"град Велико Търново, Света гора",38 730 EUR,74 m2,(523 EUR/m2),Продава 2-СТАЕН,1-ви от 5,ТEЦ: НЕ
"град Велико Търново, Света гора",66 190 EUR,131 m2,(505 EUR/m2),Продава 2-СТАЕН,5-ти от 5,ТEЦ: НЕ
"град Велико Търново, Център, Паметник на обесените",52 000 лв.,33 m2,(1576 лв./m2),Продава 2-СТАЕН,2-ри от 2,Строителство: Тухла
"град Велико Търново, Център",30 600 EUR,67 m2,(457 EUR/m2),Продава 2-СТАЕН,Партер от 7,Строителство: Тухла
"град Велико Търново, Център",30 600 EUR,67 m2,(457 EUR/m2),Продава 2-СТАЕН,1-ви от 6,Газ: НЕ
"град Велико Търново, Център, Широк център",37 600 EUR,36 m2,(1044 EUR/m2),Продава 2-СТАЕН,Тухла,"
"
"град Велико Търново, Център",38 000 EUR,52 m2,(731 EUR/m2),Продава 2-СТАЕН,Тухла,"
"
"град Велико Търново, Център",39 268 EUR,59 m2,(666 EUR/m2),Продава 2-СТАЕН,7-ми от 9,Строителство: Тухла
"град Велико Търново, Център",40 000 EUR,42 m2,(952 EUR/m2),Продава 2-СТАЕН,Тухла,"
"
"град Велико Търново, Център",40 000 EUR,45 m2,(889 EUR/m2),Продава 2-СТАЕН,14-ти от 15,Строителство: ЕПК
"град Велико Търново, Център",40 000 EUR,42 m2,(952 EUR/m2),Продава 2-СТАЕН,Тухла,"
"
"град Велико Търново, Център",40 000 EUR,35 m2,(1143 EUR/m2),Продава 2-СТАЕН,14-ти от 14,"Строителство: Тухла, 1980 г."
"град Велико Търново, Център",40 000 EUR,40 m2,(1000 EUR/m2),Продава 2-СТАЕН,14-ти от 14,Строителство: ЕПК
"град Велико Търново, Център",40 200 EUR,42 m2,(957 EUR/m2),Продава 2-СТАЕН,Тухла,"
"
"град Велико Търново, Център",40 800 EUR,74 m2,(551 EUR/m2),Продава 2-СТАЕН,Партер от 6,Строителство: Тухла
"град Велико Търново, Център",40 800 EUR,89 m2,(458 EUR/m2),Продава 2-СТАЕН,Партер от 6,Строителство: Тухла
"град Велико Търново, Център",41 000 EUR,42 m2,(976 EUR/m2),Продава 2-СТАЕН,Тухла,"
"
"град Велико Търново, Център",41 200 EUR,48 m2,(858 EUR/m2),Продава 2-СТАЕН,Тухла,"
"
"град Велико Търново, Център",42 000 EUR,61 m2,(689 EUR/m2),Продава 2-СТАЕН,Панел,"
"
"град Велико Търново, Център",42 000 EUR,42 m2,(1000 EUR/m2),Продава 2-СТАЕН,Тухла,"
"
"град Велико Търново, Център",43 000 EUR,42 m2,(1024 EUR/m2),Продава 2-СТАЕН,2-ри от 7,"Строителство: Гредоред, 1920 г."
"град Велико Търново, Център",43 500 EUR,42 m2,(1036 EUR/m2),Продава 2-СТАЕН,2-ри от 7,"Строителство: Тухла, 1960 г."
"град Велико Търново, Център",43 500 EUR,94 m2,(463 EUR/m2),Продава 2-СТАЕН,4-ти от 6,Строителство: Тухла
"град Велико Търново, Център",43 500 EUR,42 m2,(1036 EUR/m2),Продава 2-СТАЕН,2-ри от 5,"Строителство: Тухла, 1970 г."
"град Велико Търново, Център",43 500 EUR,42 m2,(1036 EUR/m2),Продава 2-СТАЕН,1-ви от 5,Газ: НЕ
"град Велико Търново, Център",45 000 EUR,81 m2,(556 EUR/m2),Продава 2-СТАЕН,14-ти от 15,ТEЦ: ДА
"град Велико Търново, Център, Топ център",45 645 EUR,72 m2,(634 EUR/m2),Продава 2-СТАЕН,7-ми от 10,"Строителство: Тухла, 2020 г."
"град Велико Търново, Център",50 000 EUR,39 m2,(1282 EUR/m2),Продава 2-СТАЕН,6-ти от 9,"Строителство: Тухла, 2020 г."
"град Велико Търново, Център, бул. България",51 200 EUR,64 m2,(800 EUR/m2),Продава 2-СТАЕН,Тухла,"
"
"град Велико Търново, Център",52 000 EUR,64 m2,(813 EUR/m2),Продава 2-СТАЕН,Тухла,"
"
"град Велико Търново, Център",53 000 EUR,40 m2,(1325 EUR/m2),Продава 2-СТАЕН,3-ти от 6,Строителство: Тухла
"град Велико Търново, Център",105 000 лв.,40 m2,(2625 лв./m2),Продава 2-СТАЕН,8-ми от 9,"Строителство: Тухла, 2020 г."
"град Велико Търново, Център",56 500 EUR,50 m2,(1130 EUR/m2),Продава 2-СТАЕН,Тухла,"
"
"град Велико Търново, Център",57 000 EUR,50 m2,(1140 EUR/m2),Продава 2-СТАЕН,3-ти от 3,"Строителство: Тухла, 1950 г."
"град Велико Търново, Център, Нова болница",57 700 EUR,65 m2,(888 EUR/m2),Продава 2-СТАЕН,2-ри от 8,Газ: ДА
"град Велико Търново, Център",113 000 лв.,45 m2,(2511 лв./m2),Продава 2-СТАЕН,5-ти от 6,Строителство: Тухла
"град Велико Търново, Център",58 000 EUR,49 m2,(1184 EUR/m2),Продава 2-СТАЕН,6-ти от 7,"Строителство: Тухла, 2021 г."
"град Велико Търново, Център",58 600 EUR,40 m2,(1465 EUR/m2),Продава 2-СТАЕН,4-ти от 8,Строителство: Тухла
"град Велико Търново, Център",58 600 EUR,40 m2,(1465 EUR/m2),Продава 2-СТАЕН,4-ти от 8,"Строителство: Тухла, 1980 г."
"град Велико Търново, Център",58 600 EUR,40 m2,(1465 EUR/m2),Продава 2-СТАЕН,Тухла,"
"
"град Велико Търново, Център, до Общината",115 000 лв.,70 m2,(1643 лв./m2),Продава 2-СТАЕН,1-ви от 6,Строителство: Тухла
"град Велико Търново, Център, Идеален център",59 100 EUR,68 m2,(869 EUR/m2),Продава 2-СТАЕН,4-ти от 10,Газ: НЕ
"град Велико Търново, Център",59 600 EUR,40 m2,(1490 EUR/m2),Продава 2-СТАЕН,4-ти от 8,Газ: НЕ
"град Велико Търново, Център",59 800 EUR,33 m2,(1812 EUR/m2),Продава 2-СТАЕН,4-ти от 8,Строителство: Тухла
"град Велико Търново, Център",59 800 EUR,40 m2,(1495 EUR/m2),Продава 2-СТАЕН,4-ти от 8,"Строителство: Тухла, 1980 г."
"град Велико Търново, Център, Дружба",59 800 EUR,34 m2,(1759 EUR/m2),Продава 2-СТАЕН,4-ти от 8,"Строителство: Тухла, 1975 г."
"град Велико Търново, Център",60 000 EUR,64 m2,(938 EUR/m2),Продава 2-СТАЕН,"Тухла, 2020 г.","
"
"град Велико Търново, Център, Търново Хилс",60 000 EUR,75 m2,(800 EUR/m2),Продава 2-СТАЕН,Тухла,"
"
"град Велико Търново, Център",60 000 EUR,58 m2,(1034 EUR/m2),Продава 2-СТАЕН,1-ви от 3,Строителство: Тухла
"град Велико Търново, Център",60 000 EUR,74 m2,(811 EUR/m2),Продава 2-СТАЕН,4-ти от 7,Строителство: Тухла
"град Велико Търново, Център",60 000 EUR,58 m2,(1034 EUR/m2),Продава 2-СТАЕН,Тухла,"
"
"град Велико Търново, Център",60 000 EUR,55 m2,(1091 EUR/m2),Продава 2-СТАЕН,2-ри от 7,"Строителство: Тухла, 2019 г."
"град Велико Търново, Център",60 200 EUR,75 m2,(803 EUR/m2),Продава 2-СТАЕН,"Тухла, 2020 г.","
"
"град Велико Търново, Център",60 300 EUR,65 m2,(928 EUR/m2),Продава 2-СТАЕН,2-ри от 7,Строителство: Тухла
"град Велико Търново, Център",118 000 лв.,61 m2,(1934 лв./m2),Продава 2-СТАЕН,Партер от 8,"Строителство: Тухла, 2013 г."
"град Велико Търново, Център",60 500 EUR,56 m2,(1080 EUR/m2),Продава 2-СТАЕН,Тухла,"
"
"град Велико Търново, Център, Нова Болница/Спортна Зала",118 900 лв.,59 m2,(2015 лв./m2),Продава 2-СТАЕН,Тухла,"
"
"град Велико Търново, Център",60 800 EUR,55 m2,(1105 EUR/m2),Продава 2-СТАЕН,5-ти от 5,"Строителство: Тухла, 2000 г."
"град Велико Търново, Център",61 400 EUR,80 m2,(768 EUR/m2),Продава 2-СТАЕН,Тухла,"
"
"град Велико Търново, Център",61 500 EUR,59 m2,(1042 EUR/m2),Продава 2-СТАЕН,7-ми от 9,"Строителство: Тухла, 2020 г."
"град Велико Търново, Център",61 800 EUR,61 m2,(1013 EUR/m2),Продава 2-СТАЕН,1-ви от 4,Строителство: Панел
"град Велико Търново, Център, Нова Болница",121 000 лв.,63 m2,(1921 лв./m2),Продава 2-СТАЕН,3-ти от 6,Строителство: Тухла
"град Велико Търново, Център, Нова Болница/Спортна зала",62 000 EUR,69 m2,(899 EUR/m2),Продава 2-СТАЕН,Тухла,"
"
"град Велико Търново, Център",62 000 EUR,50 m2,(1240 EUR/m2),Продава 2-СТАЕН,4-ти от 6,ТEЦ: ДА
"град Велико Търново, Център",62 000 EUR,87 m2,(713 EUR/m2),Продава 2-СТАЕН,Тухла,"
"
"град Велико Търново, Център, Широк център",63 000 EUR,61 m2,(1033 EUR/m2),Продава 2-СТАЕН,"Тухла, 1972 г.","
"
"град Велико Търново, Център",63 000 EUR,60 m2,(1050 EUR/m2),Продава 2-СТАЕН,2-ри от 3,Газ: НЕ
"град Велико Търново, Център",63 000 EUR,60 m2,(1050 EUR/m2),Продава 2-СТАЕН,Тухла,"
"
"град Велико Търново, Център",63 000 EUR,60 m2,(1050 EUR/m2),Продава 2-СТАЕН,Тухла,"
"
"град Велико Търново, Център",63 500 EUR,85 m2,(747 EUR/m2),Продава 2-СТАЕН,"Тухла, 2021 г.","
"
"град Велико Търново, Център, идеален център",125 000 лв.,70 m2,(1786 лв./m2),Продава 2-СТАЕН,Тухла,"
"
"град Велико Търново, Център",64 900 EUR,68 m2,(954 EUR/m2),Продава 2-СТАЕН,7-ми от 7,Строителство: Тухла
"град Велико Търново, Център",64 910 EUR,80 m2,(811 EUR/m2),Продава 2-СТАЕН,Тухла,"
"
"град Велико Търново, Център",64 999 EUR,87 m2,(747 EUR/m2),Продава 2-СТАЕН,2-ри от 2,Строителство: Тухла
"град Велико Търново, Център",65 000 EUR,67 m2,(970 EUR/m2),Продава 2-СТАЕН,Тухла,"
"
"град Велико Търново, Център",65 000 EUR,68 m2,(956 EUR/m2),Продава 2-СТАЕН,6-ти от 6,"Строителство: Тухла, 2022 г."
"град Велико Търново, Център",66 000 EUR,75 m2,(880 EUR/m2),Продава 2-СТАЕН,Тухла,"
"
"град Велико Търново, Център",67 000 EUR,75 m2,(893 EUR/m2),Продава 2-СТАЕН,2-ри от 8,Строителство: Тухла
"град Велико Търново, Център, Нова болница",67 000 EUR,75 m2,(893 EUR/m2),Продава 2-СТАЕН,2-ри от 8,"Строителство: Тухла, 2020 г."
"град Велико Търново, Център",67 736 EUR,66 m2,(1026 EUR/m2),Продава 2-СТАЕН,"Тухла, 2022 г.","
"
"град Велико Търново, Център",68 000 EUR,75 m2,(907 EUR/m2),Продава 2-СТАЕН,2-ри от 8,Строителство: Тухла
"град Велико Търново, Център",69 000 EUR,87 m2,(793 EUR/m2),Продава 2-СТАЕН,2-ри от 2,Строителство: Тухла
"град Велико Търново, Център",71 600 EUR,84 m2,(852 EUR/m2),Продава 2-СТАЕН,7-ми от 7,Строителство: Тухла
"град Велико Търново, Център",72 000 EUR,80 m2,(900 EUR/m2),Продава 2-СТАЕН,2-ри от 3,ТEЦ: ДА
"град Велико Търново, Център",72 000 EUR,84 m2,(857 EUR/m2),Продава 2-СТАЕН,6-ти от 6,"Строителство: Тухла, 2022 г."
"град Велико Търново, Център",72 000 EUR,80 m2,(900 EUR/m2),Продава 2-СТАЕН,2-ри от 3,Строителство: Тухла
"град Велико Търново, Център",72 100 EUR,80 m2,(901 EUR/m2),Продава 2-СТАЕН,3-ти от 4,"Строителство: Тухла, 1970 г."
"град Велико Търново, Център",72 100 EUR,80 m2,(901 EUR/m2),Продава 2-СТАЕН,2-ри от 3,ТEЦ: ДА
"град Велико Търново, Център, Стадиона",74 000 EUR,72 m2,(1028 EUR/m2),Продава 2-СТАЕН,Тухла,"
"
"град Велико Търново, Център, Търново Хилс",75 000 EUR,73 m2,(1027 EUR/m2),Продава 2-СТАЕН,Тухла,"
"
"град Велико Търново, Център",75 000 EUR,79 m2,(949 EUR/m2),Продава 2-СТАЕН,Тухла,"
"
"град Велико Търново, Център, Беляковско шосе",77 000 EUR,71 m2,(1085 EUR/m2),Продава 2-СТАЕН,6-ти от 7,Строителство: Тухла
"град Велико Търново, Център, Идеален център",77 700 EUR,111 m2,(700 EUR/m2),Продава 2-СТАЕН,9-ти от 10,Газ: НЕ
"град Велико Търново, Център",79 900 EUR,93 m2,(859 EUR/m2),Продава 2-СТАЕН,1-ви от 4,Газ: НЕ
"град Велико Търново, Център",81 000 EUR,72 m2,(1125 EUR/m2),Продава 2-СТАЕН,Тухла,"
"
"град Велико Търново, Център",82 000 EUR,74 m2,(1108 EUR/m2),Продава 2-СТАЕН,"Тухла, 2012 г.","
"
"град Велико Търново, Център",82 000 EUR,66 m2,(1242 EUR/m2),Продава 2-СТАЕН,2-ри от 3,Строителство: Тухла
"град Велико Търново, Център",89 400 EUR,62 m2,(1442 EUR/m2),Продава 2-СТАЕН,2-ри от 3,Строителство: Тухла
"град Велико Търново, Център",89 400 EUR,62 m2,(1442 EUR/m2),Продава 2-СТАЕН,Тухла,"
"
"град Велико Търново, Център",89 900 EUR,62 m2,(1450 EUR/m2),Продава 2-СТАЕН,Тухла,"
"
"град Велико Търново, Център",,111 m2,,Продава 2-СТАЕН,9-ти от 10,"Строителство: Тухла, 2020 г."
"град Велико Търново, Чолаковци",30 700 EUR,40 m2,(768 EUR/m2),Продава 2-СТАЕН,Панел,"
"
"град Велико Търново, Чолаковци",65 000 лв.,37 m2,(1757 лв./m2),Продава 2-СТАЕН,4-ти от 6,"Строителство: Панел, 1980 г."
"град Велико Търново, Чолаковци",34 300 EUR,40 m2,(858 EUR/m2),Продава 2-СТАЕН,Панел,"
"
"град Велико Търново, Чолаковци",34 500 EUR,44 m2,(784 EUR/m2),Продава 2-СТАЕН,4-ти от 6,"Строителство: Панел, 1970 г."
"град Велико Търново, Чолаковци",37 000 EUR,45 m2,(822 EUR/m2),Продава 2-СТАЕН,2-ри от 6,Газ: НЕ
"град Велико Търново, Чолаковци",75 000 лв.,68 m2,(1103 лв./m2),Продава 2-СТАЕН,1-ви от 6,Строителство: Панел
"град Велико Търново, Чолаковци",80 000 лв.,67 m2,(1194 лв./m2),Продава 2-СТАЕН,1-ви от 6,Газ: НЕ
"град Велико Търново, Чолаковци",43 260 EUR,68 m2,(636 EUR/m2),Продава 2-СТАЕН,3-ти от 6,Строителство: Панел
"град Велико Търново, Чолаковци",43 300 EUR,68 m2,(637 EUR/m2),Продава 2-СТАЕН,3-ти от 6,Строителство: Панел
"град Велико Търново, Чолаковци",43 300 EUR,68 m2,(637 EUR/m2),Продава 2-СТАЕН,3-ти от 6,Газ: НЕ
"град Велико Търново, Чолаковци",43 300 EUR,68 m2,(637 EUR/m2),Продава 2-СТАЕН,3-ти от 6,Строителство: Панел
"град Велико Търново, Чолаковци",43 460 EUR,58 m2,(749 EUR/m2),Продава 2-СТАЕН,6-ти от 6,Строителство: Панел
"град Велико Търново, Чолаковци",45 000 EUR,66 m2,(682 EUR/m2),Продава 2-СТАЕН,1-ви от 6,"Строителство: Панел, 1991 г."
"град Велико Търново, Чолаковци",45 000 EUR,66 m2,(682 EUR/m2),Продава 2-СТАЕН,Панел,"
"
"град Велико Търново, Чолаковци",45 000 EUR,65 m2,(692 EUR/m2),Продава 2-СТАЕН,Панел,"
"
"град Велико Търново, Чолаковци",45 000 EUR,66 m2,(682 EUR/m2),Продава 2-СТАЕН,1-ви от 6,Строителство: Панел
"град Велико Търново, Чолаковци",45 000 EUR,65 m2,(692 EUR/m2),Продава 2-СТАЕН,1-ви от 6,Строителство: Панел
"град Велико Търново, Чолаковци",46 000 EUR,66 m2,(697 EUR/m2),Продава 2-СТАЕН,1-ви от 6,"Строителство: Панел, 1970 г."
"град Велико Търново, Чолаковци",46 000 EUR,60 m2,(767 EUR/m2),Продава 2-СТАЕН,1-ви от 6,ТEЦ: Лок.отопл.
"град Велико Търново, Чолаковци",47 000 EUR,61 m2,(770 EUR/m2),Продава 2-СТАЕН,Панел,"
"
"град Велико Търново, Чолаковци",47 500 EUR,68 m2,(699 EUR/m2),Продава 2-СТАЕН,3-ти от 6,"Строителство: Панел, 1980 г."
"град Велико Търново, Чолаковци",47 500 EUR,66 m2,(720 EUR/m2),Продава 2-СТАЕН,1-ви от 6,"Строителство: Панел, 1970 г."
"град Велико Търново, Чолаковци",60 000 EUR,60 m2,(1000 EUR/m2),Продава 2-СТАЕН,4-ти от 6,Газ: НЕ
"град Велико Търново, Акация",48 000 EUR,98 m2,(490 EUR/m2),Продава 3-СТАЕН,2-ри от 2,"Строителство: Тухла, 1970 г."
"град Велико Търново, Акация",56 114 EUR,103 m2,(545 EUR/m2),Продава 3-СТАЕН,3-ти от 6,"Строителство: Тухла, 2019 г."
"град Велико Търново, Акация",73 000 EUR,90 m2,(811 EUR/m2),Продава 3-СТАЕН,Тухла,"
"
"град Велико Търново, Акация, Беляковско шосе",78 000 EUR,95 m2,(821 EUR/m2),Продава 3-СТАЕН,7-ми от 9,Строителство: Тухла
"град Велико Търново, Акация",79 900 EUR,111 m2,(720 EUR/m2),Продава 3-СТАЕН,3-ти от 4,Строителство: Тухла
"град Велико Търново, Акация",85 000 EUR,100 m2,(850 EUR/m2),Продава 3-СТАЕН,2-ри от 7,Строителство: Тухла
"град Велико Търново, Акация",100 740 EUR,154 m2,(654 EUR/m2),Продава 3-СТАЕН,2-ри от 5,Строителство: Тухла
"град Велико Търново, Акация",103 000 EUR,122 m2,(844 EUR/m2),Продава 3-СТАЕН,"Тухла, 2005 г.","
"
"град Велико Търново, Акация",109 000 EUR,113 m2,(965 EUR/m2),Продава 3-СТАЕН,Тухла,"
"
"град Велико Търново, Акация",124 000 EUR,87 m2,(1425 EUR/m2),Продава 3-СТАЕН,4-ти от 6,"Строителство: Тухла, 2015 г."
"град Велико Търново, Акация",124 000 EUR,90 m2,(1378 EUR/m2),Продава 3-СТАЕН,3-ти от 6,Строителство: Тухла
"град Велико Търново, Акация",125 000 EUR,105 m2,(1190 EUR/m2),Продава 3-СТАЕН,Тухла,"
"
"град Велико Търново, Акация",250 000 EUR,134 m2,(1866 EUR/m2),Продава 3-СТАЕН,Тухла,"
"
"град Велико Търново, Акация",250 000 EUR,123 m2,(2033 EUR/m2),Продава 3-СТАЕН,5-ти от 9,"Строителство: Тухла, 2021 г."
"град Велико Търново, Бузлуджа",92 700 лв.,75 m2,(1236 лв./m2),Продава 3-СТАЕН,1-ви от 7,"Строителство: Панел, 1980 г."
"град Велико Търново, Бузлуджа",93 000 лв.,76 m2,(1224 лв./m2),Продава 3-СТАЕН,1-ви от 6,Газ: НЕ
"град Велико Търново, Бузлуджа",93 900 лв.,76 m2,(1236 лв./m2),Продава 3-СТАЕН,Панел,"
"
"град Велико Търново, Бузлуджа",48 500 EUR,76 m2,(638 EUR/m2),Продава 3-СТАЕН,Панел,"
"
"град Велико Търново, Бузлуджа",48 500 EUR,76 m2,(638 EUR/m2),Продава 3-СТАЕН,1-ви от 6,"Строителство: Панел, 1980 г."
"град Велико Търново, Бузлуджа",97 500 лв.,60 m2,(1625 лв./m2),Продава 3-СТАЕН,3-ти от 7,Газ: НЕ
"град Велико Търново, Бузлуджа",50 000 EUR,78 m2,(641 EUR/m2),Продава 3-СТАЕН,6-ти от 6,Газ: ДА
"град Велико Търново, Бузлуджа, качица",51 600 EUR,86 m2,(600 EUR/m2),Продава 3-СТАЕН,3-ти от 7,ТEЦ: НЕ
"град Велико Търново, Бузлуджа",51 957 EUR,92 m2,(565 EUR/m2),Продава 3-СТАЕН,Тухла,"
"
"град Велико Търново, Бузлуджа",55 000 EUR,76 m2,(724 EUR/m2),Продава 3-СТАЕН,"Панел, 1980 г.","
"
"град Велико Търново, Бузлуджа",60 000 EUR,71 m2,(845 EUR/m2),Продава 3-СТАЕН,Тухла,"
"
"град Велико Търново, Бузлуджа",60 072 EUR,92 m2,(653 EUR/m2),Продава 3-СТАЕН,1-ви от 5,"Строителство: Тухла, 2021 г."
"град Велико Търново, Бузлуджа",60 072 EUR,92 m2,(653 EUR/m2),Продава 3-СТАЕН,Партер от 5,Газ: ДА
"град Велико Търново, Бузлуджа",61 800 EUR,85 m2,(727 EUR/m2),Продава 3-СТАЕН,Тухла,"
"
"град Велико Търново, Бузлуджа",62 000 EUR,80 m2,(775 EUR/m2),Продава 3-СТАЕН,Тухла,"
"
"град Велико Търново, Бузлуджа",62 000 EUR,70 m2,(886 EUR/m2),Продава 3-СТАЕН,5-ти от 9,Газ: НЕ
"град Велико Търново, Бузлуджа",62 000 EUR,70 m2,(886 EUR/m2),Продава 3-СТАЕН,Тухла,"
"
"град Велико Търново, Бузлуджа",64 018 EUR,98 m2,(653 EUR/m2),Продава 3-СТАЕН,1-ви от 5,Газ: ДА
"град Велико Търново, Бузлуджа",64 019 EUR,99 m2,(647 EUR/m2),Продава 3-СТАЕН,Тухла,"
"
"град Велико Търново, Бузлуджа",64 567 EUR,96 m2,(673 EUR/m2),Продава 3-СТАЕН,2-ри от 5,Газ: ДА
"град Велико Търново, Бузлуджа",65 000 EUR,64 m2,(1016 EUR/m2),Продава 3-СТАЕН,1-ви от 7,Строителство: Панел
"град Велико Търново, Бузлуджа",65 123 EUR,96 m2,(678 EUR/m2),Продава 3-СТАЕН,2-ри от 5,Строителство: Тухла
"град Велико Търново, Бузлуджа",65 123 EUR,96 m2,(678 EUR/m2),Продава 3-СТАЕН,2-ри от 5,Газ: ДА
"град Велико Търново, Бузлуджа",65 123 EUR,95 m2,(686 EUR/m2),Продава 3-СТАЕН,4-ти от 5,Газ: ДА
"град Велико Търново, Бузлуджа",130 000 лв.,64 m2,(2031 лв./m2),Продава 3-СТАЕН,1-ви от 7,Строителство: Панел
"град Велико Търново, Бузлуджа",67 444 EUR,103 m2,(655 EUR/m2),Продава 3-СТАЕН,1-ви от 5,Газ: ДА
"град Велико Търново, Бузлуджа",68 320 EUR,97 m2,(704 EUR/m2),Продава 3-СТАЕН,3-ти от 5,Газ: ДА
"град Велико Търново, Бузлуджа",68 480 EUR,102 m2,(671 EUR/m2),Продава 3-СТАЕН,2-ри от 5,Газ: ДА
"град Велико Търново, Бузлуджа",68 480 EUR,102 m2,(671 EUR/m2),Продава 3-СТАЕН,Тухла,"
"
"град Велико Търново, Бузлуджа",68 480 EUR,102 m2,(671 EUR/m2),Продава 3-СТАЕН,1-ви от 5,Газ: ДА
"град Велико Търново, Бузлуджа",68 884 EUR,101 m2,(682 EUR/m2),Продава 3-СТАЕН,4-ти от 5,Газ: ДА
"град Велико Търново, Бузлуджа",69 093 EUR,106 m2,(652 EUR/m2),Продава 3-СТАЕН,Тухла,"
"
"град Велико Търново, Бузлуджа",71 218 EUR,106 m2,(672 EUR/m2),Продава 3-СТАЕН,4-ти от 5,Газ: ДА
"град Велико Търново, Бузлуджа",71 540 EUR,102 m2,(701 EUR/m2),Продава 3-СТАЕН,3-ти от 5,Газ: ДА
"град Велико Търново, Бузлуджа",72 281 EUR,106 m2,(682 EUR/m2),Продава 3-СТАЕН,3-ти от 5,Газ: ДА
"град Велико Търново, Бузлуджа",73 000 EUR,70 m2,(1043 EUR/m2),Продава 3-СТАЕН,"Тухла, 2003 г.","
"
"град Велико Търново, Бузлуджа",73 000 EUR,82 m2,(890 EUR/m2),Продава 3-СТАЕН,3-ти от 5,Строителство: Панел
"град Велико Търново, Бузлуджа",73 000 EUR,68 m2,(1074 EUR/m2),Продава 3-СТАЕН,"Тухла, 2010 г.","
"
"град Велико Търново, Бузлуджа",74 407 EUR,106 m2,(702 EUR/m2),Продава 3-СТАЕН,2-ри от 5,Газ: ДА
"град Велико Търново, Бузлуджа",74 714 EUR,114 m2,(655 EUR/m2),Продава 3-СТАЕН,1-ви от 5,Газ: ДА
"град Велико Търново, Бузлуджа, Качица",75 000 EUR,109 m2,(688 EUR/m2),Продава 3-СТАЕН,Тухла,"
"
"град Велико Търново, Бузлуджа",76 500 EUR,94 m2,(814 EUR/m2),Продава 3-СТАЕН,Тухла,"
"
"град Велико Търново, Бузлуджа",77 383 EUR,115 m2,(673 EUR/m2),Продава 3-СТАЕН,2-ри от 5,"Строителство: Тухла, 2021 г."
"град Велико Търново, Бузлуджа",77 385 EUR,116 m2,(667 EUR/m2),Продава 3-СТАЕН,Тухла,"
"
"град Велико Търново, Бузлуджа",78 539 EUR,115 m2,(683 EUR/m2),Продава 3-СТАЕН,4-ти от 5,Газ: ДА
"град Велико Търново, Бузлуджа, Качица",83 000 EUR,111 m2,(748 EUR/m2),Продава 3-СТАЕН,4-ти от 6,Строителство: Тухла
"град Велико Търново, Бузлуджа",83 066 EUR,122 m2,(681 EUR/m2),Продава 3-СТАЕН,3-ти от 5,Газ: ДА
"град Велико Търново, Бузлуджа",85 000 EUR,103 m2,(825 EUR/m2),Продава 3-СТАЕН,Тухла,"
"
"град Велико Търново, Бузлуджа",85 509 EUR,122 m2,(701 EUR/m2),Продава 3-СТАЕН,3-ти от 5,Газ: ДА
"град Велико Търново, Бузлуджа",87 600 EUR,135 m2,(649 EUR/m2),Продава 3-СТАЕН,5-ти от 5,Строителство: Тухла
"град Велико Търново, Бузлуджа, качица",88 000 EUR,115 m2,(765 EUR/m2),Продава 3-СТАЕН,5-ти от 6,ТEЦ: НЕ
"град Велико Търново, Бузлуджа",96 000 EUR,90 m2,(1067 EUR/m2),Продава 3-СТАЕН,3-ти от 3,Газ: НЕ
"град Велико Търново, Бузлуджа",97 244 EUR,153 m2,(636 EUR/m2),Продава 3-СТАЕН,1-ви от 5,Газ: ДА
"град Велико Търново, Бузлуджа",97 712 EUR,153 m2,(639 EUR/m2),Продава 3-СТАЕН,2-ри от 5,Газ: ДА
"град Велико Търново, Бузлуджа",98 900 EUR,70 m2,(1413 EUR/m2),Продава 3-СТАЕН,7-ми от 8,Строителство: Тухла
"град Велико Търново, Бузлуджа",99 000 EUR,90 m2,(1100 EUR/m2),Продава 3-СТАЕН,Тухла,"
"
"град Велико Търново, Бузлуджа",99 000 EUR,90 m2,(1100 EUR/m2),Продава 3-СТАЕН,4-ти от 4,Газ: НЕ
"град Велико Търново, Бузлуджа",99 504 EUR,156 m2,(638 EUR/m2),Продава 3-СТАЕН,Партер от 5,Газ: ДА
"град Велико Търново, Бузлуджа",100 000 EUR,78 m2,(1282 EUR/m2),Продава 3-СТАЕН,2-ри от 5,Строителство: Тухла
"град Велико Търново, Бузлуджа",100 000 EUR,110 m2,(909 EUR/m2),Продава 3-СТАЕН,Тухла,"
"
"град Велико Търново, Бузлуджа",105 000 EUR,80 m2,(1313 EUR/m2),Продава 3-СТАЕН,5-ти от 9,"Строителство: Тухла, 1990 г."
"град Велико Търново, Бузлуджа",108 150 EUR,116 m2,(932 EUR/m2),Продава 3-СТАЕН,4-ти от 7,Строителство: Тухла
"град Велико Търново, Бузлуджа",110 000 EUR,190 m2,(579 EUR/m2),Продава 3-СТАЕН,Тухла,"
"
"град Велико Търново, Бузлуджа",115 000 EUR,190 m2,(605 EUR/m2),Продава 3-СТАЕН,Тухла,"
"
"град Велико Търново, Бузлуджа",116 850 EUR,95 m2,(1230 EUR/m2),Продава 3-СТАЕН,4-ти от 7,Строителство: Тухла
"град Велико Търново, Бузлуджа",117 000 EUR,102 m2,(1147 EUR/m2),Продава 3-СТАЕН,Тухла,"
"
"град Велико Търново, Бузлуджа",125 000 EUR,113 m2,(1106 EUR/m2),Продава 3-СТАЕН,Тухла,"
"
"град Велико Търново, Бузлуджа",129 000 EUR,113 m2,(1142 EUR/m2),Продава 3-СТАЕН,Тухла,"
"
"град Велико Търново, Бузлуджа",130 000 EUR,100 m2,(1300 EUR/m2),Продава 3-СТАЕН,Тухла,"
"
"град Велико Търново, Бузлуджа",130 000 EUR,113 m2,(1150 EUR/m2),Продава 3-СТАЕН,6-ти от 6,ТEЦ: НЕ
"град Велико Търново, Бузлуджа",155 000 EUR,112 m2,(1384 EUR/m2),Продава 3-СТАЕН,3-ти от 7,Строителство: Тухла
"град Велико Търново, Варуша",72 100 EUR,100 m2,(721 EUR/m2),Продава 3-СТАЕН,1-ви от 3,Строителство: Тухла
"град Велико Търново, Зона Б",75 000 лв.,64 m2,(1172 лв./m2),Продава 3-СТАЕН,Панел,"
"
"град Велико Търново, Зона Б",39 500 EUR,76 m2,(520 EUR/m2),Продава 3-СТАЕН,5-ти от 5,"Строителство: Панел, 1989 г."
"град Велико Търново, Зона Б",40 000 EUR,67 m2,(597 EUR/m2),Продава 3-СТАЕН,5-ти от 5,Строителство: Панел
"град Велико Търново, Зона Б",40 500 EUR,90 m2,(450 EUR/m2),Продава 3-СТАЕН,5-ти от 5,"Строителство: Панел, 1980 г."
"град Велико Търново, Зона Б",40 500 EUR,76 m2,(533 EUR/m2),Продава 3-СТАЕН,5-ти от 5,Строителство: Панел
"град Велико Търново, Зона Б",40 500 EUR,89 m2,(455 EUR/m2),Продава 3-СТАЕН,5-ти от 5,Строителство: Панел
"град Велико Търново, Зона Б",40 700 EUR,76 m2,(536 EUR/m2),Продава 3-СТАЕН,Тухла,"
"
"град Велико Търново, Зона Б",40 700 EUR,76 m2,(536 EUR/m2),Продава 3-СТАЕН,Панел,"
"
"град Велико Търново, Зона Б",40 700 EUR,76 m2,(536 EUR/m2),Продава 3-СТАЕН,5-ти от 5,Строителство: Панел
"град Велико Търново, Зона Б",40 700 EUR,76 m2,(536 EUR/m2),Продава 3-СТАЕН,Панел,"
"
"град Велико Търново, Зона Б",41 000 EUR,76 m2,(539 EUR/m2),Продава 3-СТАЕН,Панел,"
"
"град Велико Търново, Зона Б",41 000 EUR,76 m2,(539 EUR/m2),Продава 3-СТАЕН,5-ти от 5,Газ: НЕ
"град Велико Търново, Зона Б",41 000 EUR,76 m2,(539 EUR/m2),Продава 3-СТАЕН,5-ти от 5,Строителство: Панел
"град Велико Търново, Зона Б",41 000 EUR,76 m2,(539 EUR/m2),Продава 3-СТАЕН,5-ти от 5,"Строителство: Панел, 1989 г."
"град Велико Търново, Зона Б",41 000 EUR,74 m2,(554 EUR/m2),Продава 3-СТАЕН,6-ти от 6,Строителство: Панел
"град Велико Търново, Зона Б",41 000 EUR,76 m2,(539 EUR/m2),Продава 3-СТАЕН,5-ти от 5,Строителство: Панел
"град Велико Търново, Зона Б",82 000 лв.,65 m2,(1262 лв./m2),Продава 3-СТАЕН,5-ти от 5,Строителство: Панел
"град Велико Търново, Зона Б",44 000 EUR,85 m2,(518 EUR/m2),Продава 3-СТАЕН,Тухла,"
"
"град Велико Търново, Зона Б",44 000 EUR,86 m2,(512 EUR/m2),Продава 3-СТАЕН,Партер от 5,Строителство: Тухла
"град Велико Търново, Зона Б, Практикер",60 000 EUR,79 m2,(759 EUR/m2),Продава 3-СТАЕН,1-ви от 7,Газ: ДА
"град Велико Търново, Зона Б, Практикер",60 000 EUR,78 m2,(769 EUR/m2),Продава 3-СТАЕН,1-ви от 7,Газ: ДА
"град Велико Търново, Зона Б, Практикер",63 000 EUR,84 m2,(750 EUR/m2),Продава 3-СТАЕН,3-ти от 7,Газ: ДА
"град Велико Търново, Зона Б",70 000 EUR,113 m2,(619 EUR/m2),Продава 3-СТАЕН,2-ри от 6,Строителство: Тухла
"град Велико Търново, Зона Б",70 000 EUR,65 m2,(1077 EUR/m2),Продава 3-СТАЕН,Тухла,"
"
"град Велико Търново, Зона Б",72 000 EUR,113 m2,(637 EUR/m2),Продава 3-СТАЕН,1-ви от 5,"Строителство: Тухла, 2020 г."
"град Велико Търново, Зона Б",72 000 EUR,84 m2,(857 EUR/m2),Продава 3-СТАЕН,4-ти от 6,Строителство: Тухла
"град Велико Търново, Зона Б",72 000 EUR,88 m2,(818 EUR/m2),Продава 3-СТАЕН,Тухла,"
"
"град Велико Търново, Зона Б",72 675 EUR,97 m2,(749 EUR/m2),Продава 3-СТАЕН,2-ри от 6,Газ: ДА
"град Велико Търново, Зона Б",72 675 EUR,97 m2,(749 EUR/m2),Продава 3-СТАЕН,2-ри от 6,Газ: ДА
"град Велико Търново, Зона Б, магазинПрактикер",73 000 EUR,110 m2,(664 EUR/m2),Продава 3-СТАЕН,6-ти от 6,Газ: ДА
"град Велико Търново, Зона Б",75 720 EUR,97 m2,(781 EUR/m2),Продава 3-СТАЕН,Тухла,"
"
"град Велико Търново, Зона Б",80 000 EUR,120 m2,(667 EUR/m2),Продава 3-СТАЕН,6-ти от 6,Строителство: Тухла
"град Велико Търново, Зона Б",82 000 EUR,98 m2,(837 EUR/m2),Продава 3-СТАЕН,Тухла,"
"
"град Велико Търново, Зона Б, Практикер",85 000 EUR,105 m2,(810 EUR/m2),Продава 3-СТАЕН,1-ви от 7,Газ: ДА
"град Велико Търново, Зона Б",85 000 EUR,100 m2,(850 EUR/m2),Продава 3-СТАЕН,2-ри от 6,Газ: НЕ
"град Велико Търново, Зона Б",87 600 EUR,105 m2,(834 EUR/m2),Продава 3-СТАЕН,1-ви от 6,Строителство: Тухла
"град Велико Търново, Зона Б",87 600 EUR,105 m2,(834 EUR/m2),Продава 3-СТАЕН,Тухла,"
"
"град Велико Търново, Зона Б",88 000 EUR,105 m2,(838 EUR/m2),Продава 3-СТАЕН,1-ви от 6,"Строителство: Тухла, 2010 г."
"град Велико Търново, Зона Б",97 900 EUR,122 m2,(802 EUR/m2),Продава 3-СТАЕН,5-ти от 6,Строителство: Тухла
"град Велико Търново, Зона Б",120 000 EUR,114 m2,(1053 EUR/m2),Продава 3-СТАЕН,3-ти от 4,Газ: ДА
"град Велико Търново, Зона Б",122 000 EUR,100 m2,(1220 EUR/m2),Продава 3-СТАЕН,Тухла,"
"
"град Велико Търново, Зона Б",122 000 EUR,120 m2,(1017 EUR/m2),Продава 3-СТАЕН,2-ри от 4,"Строителство: Тухла, 2011 г."
"град Велико Търново, Зона Б",,100 m2,,Продава 3-СТАЕН,Тухла,"
"
"град Велико Търново, Зона Б",,97 m2,,Продава 3-СТАЕН,"Тухла, 2022 г.","
"
"град Велико Търново, Картала, Бианко",50 000 EUR,46 m2,(1087 EUR/m2),Продава 3-СТАЕН,"Тухла, 2019 г.","
"
"град Велико Търново, Картала",55 000 EUR,75 m2,(733 EUR/m2),Продава 3-СТАЕН,Партер от 6,Газ: НЕ
"град Велико Търново, Картала",55 000 EUR,76 m2,(724 EUR/m2),Продава 3-СТАЕН,Тухла,"
"
"град Велико Търново, Картала",55 000 EUR,75 m2,(733 EUR/m2),Продава 3-СТАЕН,1-ви от 6,Газ: НЕ
"град Велико Търново, Картала",55 000 EUR,75 m2,(733 EUR/m2),Продава 3-СТАЕН,1-ви от 7,Строителство: Тухла
"град Велико Търново, Картала, до парка",55 000 EUR,75 m2,(733 EUR/m2),Продава 3-СТАЕН,1-ви от 6,"Строителство: Тухла, 2018 г."
"град Велико Търново, Картала",55 000 EUR,65 m2,(846 EUR/m2),Продава 3-СТАЕН,1-ви от 4,"Строителство: Тухла, 2020 г."
"град Велико Търново, Картала",55 000 EUR,75 m2,(733 EUR/m2),Продава 3-СТАЕН,1-ви от 6,"Строителство: Тухла, 2020 г."
"град Велико Търново, Картала",108 000 лв.,75 m2,(1440 лв./m2),Продава 3-СТАЕН,Тухла,"
"
"град Велико Търново, Картала",55 500 EUR,75 m2,(740 EUR/m2),Продава 3-СТАЕН,Партер от 6,"Строителство: Тухла, 2017 г."
"град Велико Търново, Картала",56 200 EUR,75 m2,(749 EUR/m2),Продава 3-СТАЕН,Партер от 6,Строителство: Тухла
"град Велико Търново, Картала",64 000 EUR,92 m2,(696 EUR/m2),Продава 3-СТАЕН,2-ри от 4,Строителство: Тухла
"град Велико Търново, Картала",73 500 EUR,111 m2,(662 EUR/m2),Продава 3-СТАЕН,Тухла,"
"
"град Велико Търново, Картала",78 000 EUR,94 m2,(830 EUR/m2),Продава 3-СТАЕН,"Тухла, 2021 г.","
"
"град Велико Търново, Картала",79 900 EUR,111 m2,(720 EUR/m2),Продава 3-СТАЕН,Тухла,"
"
"град Велико Търново, Картала",159 000 лв.,107 m2,(1486 лв./m2),Продава 3-СТАЕН,3-ти от 6,Строителство: Тухла
"град Велико Търново, Картала",81 360 EUR,114 m2,(714 EUR/m2),Продава 3-СТАЕН,4-ти от 6,Газ: ДА
"град Велико Търново, Картала",81 500 EUR,113 m2,(721 EUR/m2),Продава 3-СТАЕН,Тухла,"
"
"град Велико Търново, Картала",81 800 EUR,125 m2,(654 EUR/m2),Продава 3-СТАЕН,6-ти от 6,"Строителство: Тухла, 2020 г."
"град Велико Търново, Картала",81 806 EUR,100 m2,(818 EUR/m2),Продава 3-СТАЕН,Тухла,"
"
"град Велико Търново, Картала",160 000 лв.,110 m2,(1455 лв./m2),Продава 3-СТАЕН,4-ти от 5,Строителство: Тухла
"град Велико Търново, Картала",82 000 EUR,114 m2,(719 EUR/m2),Продава 3-СТАЕН,Тухла,"
"
"град Велико Търново, Картала",82 360 EUR,118 m2,(698 EUR/m2),Продава 3-СТАЕН,5-ти от 6,Строителство: Тухла
"град Велико Търново, Картала",82 500 EUR,115 m2,(717 EUR/m2),Продава 3-СТАЕН,Тухла,"
"
"град Велико Търново, Картала",82 500 EUR,120 m2,(688 EUR/m2),Продава 3-СТАЕН,Тухла,"
"
"град Велико Търново, Картала",82 800 EUR,114 m2,(726 EUR/m2),Продава 3-СТАЕН,Тухла,"
"
"град Велико Търново, Картала",82 800 EUR,116 m2,(714 EUR/m2),Продава 3-СТАЕН,Тухла,"
"
"град Велико Търново, Картала",83 000 EUR,110 m2,(755 EUR/m2),Продава 3-СТАЕН,Тухла,"
"
"град Велико Търново, Картала",167 000 лв.,92 m2,(1815 лв./m2),Продава 3-СТАЕН,Тухла,"
"
"град Велико Търново, Картала",87 400 EUR,117 m2,(747 EUR/m2),Продава 3-СТАЕН,3-ти от 6,Строителство: Тухла
"град Велико Търново, Картала",87 400 EUR,117 m2,(747 EUR/m2),Продава 3-СТАЕН,5-ти от 6,Строителство: Тухла
"град Велико Търново, Картала",87 400 EUR,117 m2,(747 EUR/m2),Продава 3-СТАЕН,2-ри от 6,Строителство: Тухла
"град Велико Търново, Картала",87 870 EUR,117 m2,(751 EUR/m2),Продава 3-СТАЕН,1-ви от 6,Строителство: Тухла
"град Велико Търново, Картала",88 950 EUR,119 m2,(747 EUR/m2),Продава 3-СТАЕН,2-ри от 5,Строителство: Тухла
"град Велико Търново, Картала",89 000 EUR,70 m2,(1271 EUR/m2),Продава 3-СТАЕН,Тухла,"
"
"град Велико Търново, Картала",89 000 EUR,70 m2,(1271 EUR/m2),Продава 3-СТАЕН,Тухла,"
"
"град Велико Търново, Картала",89 060 EUR,119 m2,(748 EUR/m2),Продава 3-СТАЕН,3-ти от 6,Строителство: Тухла
"град Велико Търново, Картала",113 500 EUR,98 m2,(1158 EUR/m2),Продава 3-СТАЕН,4-ти от 6,ТEЦ: НЕ
"град Велико Търново, Картала",125 000 EUR,90 m2,(1389 EUR/m2),Продава 3-СТАЕН,Тухла,"
"
"град Велико Търново, Картала",135 600 EUR,113 m2,(1200 EUR/m2),Продава 3-СТАЕН,4-ти от 6,Газ: ДА
"град Велико Търново, Картала",175 000 EUR,131 m2,(1336 EUR/m2),Продава 3-СТАЕН,4-ти от 7,Строителство: Тухла
"град Велико Търново, Колю Фичето",105 000 лв.,78 m2,(1346 лв./m2),Продава 3-СТАЕН,Тухла,"
"
"град Велико Търново, Колю Фичето",54 000 EUR,85 m2,(635 EUR/m2),Продава 3-СТАЕН,5-ти от 6,Газ: ДА
"град Велико Търново, Колю Фичето",55 000 EUR,74 m2,(743 EUR/m2),Продава 3-СТАЕН,Тухла,"
"
"град Велико Търново, Колю Фичето",124 000 лв.,71 m2,(1746 лв./m2),Продава 3-СТАЕН,6-ти от 8,Строителство: Тухла
"град Велико Търново, Колю Фичето",129 500 лв.,67 m2,(1933 лв./m2),Продава 3-СТАЕН,Тухла,"
"
"град Велико Търново, Колю Фичето",71 000 EUR,70 m2,(1014 EUR/m2),Продава 3-СТАЕН,1-ви от 7,Строителство: Тухла
"град Велико Търново, Колю Фичето",71 000 EUR,75 m2,(947 EUR/m2),Продава 3-СТАЕН,Тухла,"
"
"град Велико Търново, Колю Фичето",71 500 EUR,65 m2,(1100 EUR/m2),Продава 3-СТАЕН,1-ви от 6,"Строителство: Тухла, 1980 г."
"град Велико Търново, Колю Фичето",141 000 лв.,75 m2,(1880 лв./m2),Продава 3-СТАЕН,Тухла,"
"
"град Велико Търново, Колю Фичето",74 501 EUR,87 m2,(856 EUR/m2),Продава 3-СТАЕН,2-ри от 8,Строителство: Тухла
"град Велико Търново, Колю Фичето",78 000 EUR,95 m2,(821 EUR/m2),Продава 3-СТАЕН,7-ми от 9,Строителство: Тухла
"град Велико Търново, Колю Фичето",78 000 EUR,100 m2,(780 EUR/m2),Продава 3-СТАЕН,7-ми от 9,"Строителство: Тухла, 2000 г."
"град Велико Търново, Колю Фичето",78 000 EUR,95 m2,(821 EUR/m2),Продава 3-СТАЕН,7-ми от 9,Строителство: Тухла
"град Велико Търново, Колю Фичето",78 500 EUR,95 m2,(826 EUR/m2),Продава 3-СТАЕН,7-ми от 9,"Строителство: Тухла, 2000 г."
"град Велико Търново, Колю Фичето",80 000 EUR,80 m2,(1000 EUR/m2),Продава 3-СТАЕН,6-ти от 7,"Строителство: Тухла, 2010 г."
"град Велико Търново, Колю Фичето",80 000 EUR,66 m2,(1212 EUR/m2),Продава 3-СТАЕН,Тухла,"
"
"град Велико Търново, Колю Фичето",80 000 EUR,67 m2,(1194 EUR/m2),Продава 3-СТАЕН,6-ти от 7,Строителство: Тухла
"град Велико Търново, Колю Фичето",80 000 EUR,85 m2,(941 EUR/m2),Продава 3-СТАЕН,6-ти от 7,"Строителство: Тухла, 1980 г."
"град Велико Търново, Колю Фичето",80 000 EUR,95 m2,(842 EUR/m2),Продава 3-СТАЕН,Тухла,"
"
"град Велико Търново, Колю Фичето",80 000 EUR,85 m2,(941 EUR/m2),Продава 3-СТАЕН,Тухла,"
"
"град Велико Търново, Колю Фичето",80 000 EUR,95 m2,(842 EUR/m2),Продава 3-СТАЕН,6-ти от 7,Газ: НЕ
"град Велико Търново, Колю Фичето",89 000 EUR,90 m2,(989 EUR/m2),Продава 3-СТАЕН,"Тухла, 1985 г.","
"
"град Велико Търново, Колю Фичето",90 000 EUR,86 m2,(1047 EUR/m2),Продава 3-СТАЕН,5-ти от 6,Строителство: Тухла
"град Велико Търново, Колю Фичето",91 000 EUR,90 m2,(1011 EUR/m2),Продава 3-СТАЕН,Тухла,"
"
"град Велико Търново, Колю Фичето",91 000 EUR,90 m2,(1011 EUR/m2),Продава 3-СТАЕН,Тухла,"
"
"град Велико Търново, Колю Фичето",102 000 EUR,93 m2,(1097 EUR/m2),Продава 3-СТАЕН,"Тухла, 2021 г.","
"
"град Велико Търново, Колю Фичето",102 000 EUR,93 m2,(1097 EUR/m2),Продава 3-СТАЕН,5-ти от 5,Строителство: Тухла
"град Велико Търново, Колю Фичето",105 000 EUR,93 m2,(1129 EUR/m2),Продава 3-СТАЕН,Тухла,"
"
"град Велико Търново, Колю Фичето",105 000 EUR,98 m2,(1071 EUR/m2),Продава 3-СТАЕН,5-ти от 5,"Строителство: Тухла, 2020 г."
"град Велико Търново, Колю Фичето",105 500 EUR,85 m2,(1241 EUR/m2),Продава 3-СТАЕН,2-ри от 2,Газ: НЕ
"град Велико Търново, Колю Фичето",123 000 EUR,102 m2,(1206 EUR/m2),Продава 3-СТАЕН,Тухла,"
"
"град Велико Търново, Колю Фичето",135 000 EUR,102 m2,(1324 EUR/m2),Продава 3-СТАЕН,2-ри от 8,Газ: НЕ
"град Велико Търново, Колю Фичето",135 000 EUR,101 m2,(1337 EUR/m2),Продава 3-СТАЕН,3-ти от 7,Газ: НЕ
"град Велико Търново, Света гора",42 890 EUR,89 m2,(482 EUR/m2),Продава 3-СТАЕН,Партер от 5,ТEЦ: НЕ
"град Велико Търново, Света гора",48 000 EUR,88 m2,(545 EUR/m2),Продава 3-СТАЕН,2-ри от 4,Строителство: Тухла
"град Велико Търново, Света гора",49 700 EUR,97 m2,(512 EUR/m2),Продава 3-СТАЕН,2-ри от 4,Строителство: Тухла
"град Велико Търново, Света гора",52 000 EUR,90 m2,(578 EUR/m2),Продава 3-СТАЕН,"Тухла, 1990 г.","
"
"град Велико Търново, Света гора",52 116 EUR,108 m2,(483 EUR/m2),Продава 3-СТАЕН,Партер от 5,ТEЦ: НЕ
"град Велико Търново, Света гора",56 000 EUR,90 m2,(622 EUR/m2),Продава 3-СТАЕН,"Тухла, 1990 г.","
"
"град Велико Търново, Света гора",58 000 EUR,90 m2,(644 EUR/m2),Продава 3-СТАЕН,Тухла,"
"
"град Велико Търново, Света гора",61 212 EUR,122 m2,(502 EUR/m2),Продава 3-СТАЕН,1-ви от 5,ТEЦ: НЕ
"град Велико Търново, Стара част",57 000 EUR,78 m2,(731 EUR/m2),Продава 3-СТАЕН,Тухла,"
"
"град Велико Търново, Стара част",72 000 EUR,85 m2,(847 EUR/m2),Продава 3-СТАЕН,2-ри от 2,Строителство: Тухла
"град Велико Търново, Стара част",80 000 EUR,109 m2,(734 EUR/m2),Продава 3-СТАЕН,3-ти от 3,Строителство: Тухла
"град Велико Търново, Стара част",106 000 EUR,120 m2,(883 EUR/m2),Продава 3-СТАЕН,2-ри от 2,Газ: НЕ
"град Велико Търново, Център",40 000 EUR,70 m2,(571 EUR/m2),Продава 3-СТАЕН,Тухла,"
"
"град Велико Търново, Център",48 000 EUR,108 m2,(444 EUR/m2),Продава 3-СТАЕН,Партер от 2,Газ: НЕ
"град Велико Търново, Център",49 200 EUR,91 m2,(541 EUR/m2),Продава 3-СТАЕН,Партер от 6,Строителство: Тухла
"град Велико Търново, Център",49 200 EUR,108 m2,(456 EUR/m2),Продава 3-СТАЕН,1-ви от 6,Газ: ДА
"град Велико Търново, Център",53 184 EUR,89 m2,(598 EUR/m2),Продава 3-СТАЕН,Тухла,"
"
"град Велико Търново, Център, Акация/Картал",107 900 лв.,73 m2,(1478 лв./m2),Продава 3-СТАЕН,1-ви от 5,Строителство: Тухла
"град Велико Търново, Център, Търново Хилс",58 800 EUR,116 m2,(507 EUR/m2),Продава 3-СТАЕН,Тухла,"
"
"град Велико Търново, Център",58 800 EUR,116 m2,(507 EUR/m2),Продава 3-СТАЕН,1-ви от 6,Газ: НЕ
"град Велико Търново, Център",58 800 EUR,116 m2,(507 EUR/m2),Продава 3-СТАЕН,1-ви от 6,Строителство: Тухла
"град Велико Търново, Център",59 000 EUR,90 m2,(656 EUR/m2),Продава 3-СТАЕН,Тухла,"
"
"град Велико Търново, Център",60 000 EUR,70 m2,(857 EUR/m2),Продава 3-СТАЕН,2-ри от 7,Строителство: Тухла
"град Велико Търново, Център",60 000 EUR,80 m2,(750 EUR/m2),Продава 3-СТАЕН,Панел,"
"
"град Велико Търново, Център",60 000 EUR,78 m2,(769 EUR/m2),Продава 3-СТАЕН,Тухла,"
"
"град Велико Търново, Център",60 000 EUR,79 m2,(759 EUR/m2),Продава 3-СТАЕН,Тухла,"
"
"град Велико Търново, Център",60 000 EUR,119 m2,(504 EUR/m2),Продава 3-СТАЕН,5-ти от 5,Строителство: Тухла
"град Велико Търново, Център",62 000 EUR,76 m2,(816 EUR/m2),Продава 3-СТАЕН,2-ри от 9,"Строителство: Тухла, 1976 г."
"град Велико Търново, Център, Нова Болница/Качица",62 000 EUR,79 m2,(785 EUR/m2),Продава 3-СТАЕН,Тухла,"
"
"град Велико Търново, Център",63 000 EUR,80 m2,(788 EUR/m2),Продава 3-СТАЕН,Тухла,"
"
"град Велико Търново, Център",63 000 EUR,60 m2,(1050 EUR/m2),Продава 3-СТАЕН,Партер от 3,Строителство: Тухла
"град Велико Търново, Център",63 000 EUR,80 m2,(788 EUR/m2),Продава 3-СТАЕН,Тухла,"
"
"град Велико Търново, Център",63 000 EUR,84 m2,(750 EUR/m2),Продава 3-СТАЕН,Тухла,"
"
"град Велико Търново, Център",63 000 EUR,77 m2,(818 EUR/m2),Продава 3-СТАЕН,2-ри от 8,"Строителство: Тухла, 1980 г."
"град Велико Търново, Център",63 000 EUR,119 m2,(529 EUR/m2),Продава 3-СТАЕН,5-ти от 6,Строителство: Тухла
"град Велико Търново, Център",63 200 EUR,80 m2,(790 EUR/m2),Продава 3-СТАЕН,2-ри от 9,Строителство: Тухла
"град Велико Търново, Център",63 300 EUR,77 m2,(822 EUR/m2),Продава 3-СТАЕН,2-ри от 10,Газ: НЕ
"град Велико Търново, Център",63 720 EUR,119 m2,(535 EUR/m2),Продава 3-СТАЕН,5-ти от 6,Строителство: Тухла
"град Велико Търново, Център",63 910 EUR,78 m2,(819 EUR/m2),Продава 3-СТАЕН,2-ри от 9,Строителство: Тухла
"град Велико Търново, Център",64 000 EUR,67 m2,(955 EUR/m2),Продава 3-СТАЕН,2-ри от 6,Строителство: Тухла
"град Велико Търново, Център",65 000 EUR,86 m2,(756 EUR/m2),Продава 3-СТАЕН,2-ри от 2,"Строителство: Тухла, 1975 г."
"град Велико Търново, Център",67 000 EUR,97 m2,(691 EUR/m2),Продава 3-СТАЕН,Тухла,"
"
"град Велико Търново, Център",70 000 EUR,85 m2,(824 EUR/m2),Продава 3-СТАЕН,Тухла,"
"
"град Велико Търново, Център",71 500 EUR,101 m2,(708 EUR/m2),Продава 3-СТАЕН,Тухла,"
"
"град Велико Търново, Център",72 000 EUR,80 m2,(900 EUR/m2),Продава 3-СТАЕН,3-ти от 4,"Строителство: Тухла, 1968 г."
"град Велико Търново, Център",72 000 EUR,95 m2,(758 EUR/m2),Продава 3-СТАЕН,1-ви от 8,Газ: НЕ
"град Велико Търново, Център",72 100 EUR,80 m2,(901 EUR/m2),Продава 3-СТАЕН,Тухла,"
"
"град Велико Търново, Център",72 100 EUR,80 m2,(901 EUR/m2),Продава 3-СТАЕН,Тухла,"
"
"град Велико Търново, Център, Нова Болница/Спортна зала",73 500 EUR,87 m2,(845 EUR/m2),Продава 3-СТАЕН,Тухла,"
"
"град Велико Търново, Център",73 920 EUR,92 m2,(803 EUR/m2),Продава 3-СТАЕН,ДА,"Строителство: Тухла, 2022 г."
"град Велико Търново, Център, Пазар",75 000 EUR,97 m2,(773 EUR/m2),Продава 3-СТАЕН,3-ти от 3,Строителство: Тухла
"град Велико Търново, Център",76 000 EUR,79 m2,(962 EUR/m2),Продава 3-СТАЕН,5-ти от 6,Газ: ДА
"град Велико Търново, Център",76 000 EUR,71 m2,(1070 EUR/m2),Продава 3-СТАЕН,5-ти от 6,"Строителство: Тухла, 2010 г."
"град Велико Търново, Център",77 000 EUR,80 m2,(963 EUR/m2),Продава 3-СТАЕН,3-ти от 4,Строителство: Тухла
"град Велико Търново, Център, Пазара",77 000 EUR,81 m2,(951 EUR/m2),Продава 3-СТАЕН,2-ри от 4,Строителство: Тухла
"град Велико Търново, Център",77 000 EUR,122 m2,(631 EUR/m2),Продава 3-СТАЕН,Тухла,"
"
"град Велико Търново, Център",77 300 EUR,72 m2,(1074 EUR/m2),Продава 3-СТАЕН,2-ри от 5,Газ: НЕ
"град Велико Търново, Център",78 000 EUR,95 m2,(821 EUR/m2),Продава 3-СТАЕН,Тухла,"
"
"град Велико Търново, Център",78 800 EUR,95 m2,(829 EUR/m2),Продава 3-СТАЕН,7-ми от 9,"Строителство: Тухла, 2000 г."
"град Велико Търново, Център, Нова болница/Спортна зала",79 000 EUR,91 m2,(868 EUR/m2),Продава 3-СТАЕН,4-ти от 7,Строителство: Тухла
"град Велико Търново, Център, Нова болница/Спортна зала",79 000 EUR,102 m2,(775 EUR/m2),Продава 3-СТАЕН,3-ти от 6,Строителство: Тухла
"град Велико Търново, Център, Нова болница/Спортна зала",157 000 лв.,99 m2,(1586 лв./m2),Продава 3-СТАЕН,3-ти от 6,Строителство: Тухла
"град Велико Търново, Център",80 500 EUR,78 m2,(1032 EUR/m2),Продава 3-СТАЕН,4-ти от 8,Строителство: Тухла
"град Велико Търново, Център",81 000 EUR,90 m2,(900 EUR/m2),Продава 3-СТАЕН,Тухла,"
"
"град Велико Търново, Център, Нова болница",159 000 лв.,99 m2,(1606 лв./m2),Продава 3-СТАЕН,2-ри от 6,Строителство: Тухла
"град Велико Търново, Център",81 400 EUR,70 m2,(1163 EUR/m2),Продава 3-СТАЕН,"Тухла, 1998 г.","
"
"град Велико Търново, Център, Н.Габровски/Н.Болница",82 000 EUR,97 m2,(845 EUR/m2),Продава 3-СТАЕН,4-ти от 5,Строителство: Тухла
"град Велико Търново, Център, Спортна зала/Нова Болница",161 300 лв.,97 m2,(1663 лв./m2),Продава 3-СТАЕН,2-ри от 7,Строителство: Тухла
"град Велико Търново, Център, Стадиона",82 500 EUR,124 m2,(665 EUR/m2),Продава 3-СТАЕН,Тухла,"
"
"град Велико Търново, Център",82 500 EUR,124 m2,(665 EUR/m2),Продава 3-СТАЕН,7-ми от 7,"Строителство: Тухла, 2000 г."
"град Велико Търново, Център, Нова болница/Спортна зала",166 000 лв.,98 m2,(1694 лв./m2),Продава 3-СТАЕН,Тухла,"
"
"град Велико Търново, Център",85 000 EUR,70 m2,(1214 EUR/m2),Продава 3-СТАЕН,6-ти от 6,"Строителство: Тухла, 1990 г."
"град Велико Търново, Център",85 000 EUR,90 m2,(944 EUR/m2),Продава 3-СТАЕН,7-ми от 8,"Строителство: Тухла, 1990 г."
"град Велико Търново, Център",85 000 EUR,91 m2,(934 EUR/m2),Продава 3-СТАЕН,"Тухла, 1990 г.","
"
"град Велико Търново, Център",85 000 EUR,91 m2,(934 EUR/m2),Продава 3-СТАЕН,7-ми от 8,"Строителство: Тухла, 1970 г."
"град Велико Търново, Център, Спортна зала",85 000 EUR,91 m2,(934 EUR/m2),Продава 3-СТАЕН,Тухла,"
"
"град Велико Търново, Център, Широк център",85 500 EUR,93 m2,(919 EUR/m2),Продава 3-СТАЕН,2-ри от 5,Газ: НЕ
"град Велико Търново, Център",85 500 EUR,109 m2,(784 EUR/m2),Продава 3-СТАЕН,Тухла,"
"
"град Велико Търново, Център",86 400 EUR,182 m2,(475 EUR/m2),Продава 3-СТАЕН,5-ти от 6,Строителство: Тухла
"град Велико Търново, Център",86 400 EUR,189 m2,(457 EUR/m2),Продава 3-СТАЕН,5-ти от 6,Строителство: Тухла
"град Велико Търново, Център",86 500 EUR,88 m2,(983 EUR/m2),Продава 3-СТАЕН,6-ти от 7,Газ: ДА
"град Велико Търново, Център",86 500 EUR,90 m2,(961 EUR/m2),Продава 3-СТАЕН,9-ти от 12,Газ: ДА
"град Велико Търново, Център",86 500 EUR,90 m2,(961 EUR/m2),Продава 3-СТАЕН,7-ми от 10,"Строителство: Тухла, 2020 г."
"град Велико Търново, Център",86 500 EUR,125 m2,(692 EUR/m2),Продава 3-СТАЕН,3-ти от 4,"Строителство: Тухла, 1960 г."
"град Велико Търново, Център",86 500 EUR,65 m2,(1331 EUR/m2),Продава 3-СТАЕН,3-ти от 4,Строителство: Тухла
"град Велико Търново, Център",87 000 EUR,90 m2,(967 EUR/m2),Продава 3-СТАЕН,Тухла,"
"
"град Велико Търново, Център, Нова болница/Спортна зала",87 000 EUR,109 m2,(798 EUR/m2),Продава 3-СТАЕН,"Тухла, 2009 г.","
"
"град Велико Търново, Център",87 000 EUR,126 m2,(690 EUR/m2),Продава 3-СТАЕН,7-ми от 8,Строителство: Тухла
"град Велико Търново, Център, Широк център",87 500 EUR,83 m2,(1054 EUR/m2),Продава 3-СТАЕН,6-ти от 6,Газ: НЕ
"град Велико Търново, Център",87 550 EUR,91 m2,(962 EUR/m2),Продава 3-СТАЕН,7-ми от 8,Строителство: Тухла
"град Велико Търново, Център",174 000 лв.,90 m2,(1933 лв./m2),Продава 3-СТАЕН,3-ти от 6,Строителство: Тухла
"град Велико Търново, Център, Стадиона",89 000 EUR,93 m2,(957 EUR/m2),Продава 3-СТАЕН,7-ми от 8,"Строителство: Тухла, 1990 г."
"град Велико Търново, Център",89 000 EUR,90 m2,(989 EUR/m2),Продава 3-СТАЕН,7-ми от 8,Строителство: Тухла
"град Велико Търново, Център",89 000 EUR,91 m2,(978 EUR/m2),Продава 3-СТАЕН,Тухла,"
"
"град Велико Търново, Център",89 000 EUR,90 m2,(989 EUR/m2),Продава 3-СТАЕН,Тухла,"
"
"град Велико Търново, Център",89 000 EUR,91 m2,(978 EUR/m2),Продава 3-СТАЕН,7-ми от 8,Строителство: Тухла
"град Велико Търново, Център",89 500 EUR,62 m2,(1444 EUR/m2),Продава 3-СТАЕН,2-ри от 3,Газ: НЕ
"град Велико Търново, Център",91 500 EUR,94 m2,(973 EUR/m2),Продава 3-СТАЕН,2-ри от 4,"Строителство: Тухла, 1971 г."
"град Велико Търново, Център",91 600 EUR,100 m2,(916 EUR/m2),Продава 3-СТАЕН,"Тухла, 2000 г.","
"
"град Велико Търново, Център",92 000 EUR,94 m2,(979 EUR/m2),Продава 3-СТАЕН,2-ри от 4,Строителство: Тухла
"град Велико Търново, Център",92 000 EUR,101 m2,(911 EUR/m2),Продава 3-СТАЕН,5-ти от 6,"Строителство: Тухла, 2010 г."
"град Велико Търново, Център",92 700 EUR,72 m2,(1288 EUR/m2),Продава 3-СТАЕН,5-ти от 6,"Строителство: Тухла, 2008 г."
"град Велико Търново, Център",93 000 EUR,107 m2,(869 EUR/m2),Продава 3-СТАЕН,2-ри от 4,Газ: НЕ
"град Велико Търново, Център",93 000 EUR,91 m2,(1022 EUR/m2),Продава 3-СТАЕН,Тухла,"
"
"град Велико Търново, Център",93 900 EUR,147 m2,(639 EUR/m2),Продава 3-СТАЕН,Тухла,"
"
"град Велико Търново, Център",94 800 EUR,92 m2,(1030 EUR/m2),Продава 3-СТАЕН,5-ти от 8,Строителство: Тухла
"град Велико Търново, Център",95 000 EUR,100 m2,(950 EUR/m2),Продава 3-СТАЕН,Тухла,"
"
"град Велико Търново, Център, Пощата",95 000 EUR,81 m2,(1173 EUR/m2),Продава 3-СТАЕН,Тухла,"
"
"град Велико Търново, Център",97 000 EUR,89 m2,(1090 EUR/m2),Продава 3-СТАЕН,4-ти от 7,Строителство: Тухла
"град Велико Търново, Център, Габровски-Качица",97 000 EUR,78 m2,(1244 EUR/m2),Продава 3-СТАЕН,3-ти от 6,"Строителство: Тухла, 2015 г."
"град Велико Търново, Център",97 500 EUR,100 m2,(975 EUR/m2),Продава 3-СТАЕН,8-ми от 8,"Строителство: Тухла, 2010 г."
"град Велико Търново, Център",99 000 EUR,122 m2,(811 EUR/m2),Продава 3-СТАЕН,Тухла,"
"
"град Велико Търново, Център",100 000 EUR,93 m2,(1075 EUR/m2),Продава 3-СТАЕН,Тухла,"
"
"град Велико Търново, Център",100 000 EUR,102 m2,(980 EUR/m2),Продава 3-СТАЕН,Тухла,"
"
"град Велико Търново, Център",101 750 EUR,105 m2,(969 EUR/m2),Продава 3-СТАЕН,3-ти от 4,Строителство: Тухла
"град Велико Търново, Център",103 000 EUR,120 m2,(858 EUR/m2),Продава 3-СТАЕН,Тухла,"
"
"град Велико Търново, Център, Нова болница",103 000 EUR,90 m2,(1144 EUR/m2),Продава 3-СТАЕН,6-ти от 6,Газ: НЕ
"град Велико Търново, Център",105 000 EUR,120 m2,(875 EUR/m2),Продава 3-СТАЕН,4-ти от 4,Строителство: Тухла
"град Велико Търново, Център, идеален център",206 000 лв.,95 m2,(2168 лв./m2),Продава 3-СТАЕН,Тухла,"
"
"град Велико Търново, Център",105 837 EUR,80 m2,(1323 EUR/m2),Продава 3-СТАЕН,1-ви от 7,Газ: НЕ
"град Велико Търново, Център",105 837 EUR,80 m2,(1323 EUR/m2),Продава 3-СТАЕН,Панел,"
"
"град Велико Търново, Център",107 000 EUR,122 m2,(877 EUR/m2),Продава 3-СТАЕН,Тухла,"
"
"град Велико Търново, Център",109 000 EUR,80 m2,(1363 EUR/m2),Продава 3-СТАЕН,1-ви от 7,Строителство: Панел
"град Велико Търново, Център",109 000 EUR,95 m2,(1147 EUR/m2),Продава 3-СТАЕН,1-ви от 6,"Строителство: Панел, 1970 г."
"град Велико Търново, Център",109 000 EUR,80 m2,(1363 EUR/m2),Продава 3-СТАЕН,Панел,"
"
"град Велико Търново, Център",110 000 EUR,120 m2,(917 EUR/m2),Продава 3-СТАЕН,Тухла,"
"
"град Велико Търново, Център",110 000 EUR,103 m2,(1068 EUR/m2),Продава 3-СТАЕН,3-ти от 4,Строителство: Тухла
"град Велико Търново, Център",110 000 EUR,109 m2,(1009 EUR/m2),Продава 3-СТАЕН,Тухла,"
"
"град Велико Търново, Център",112 000 EUR,94 m2,(1191 EUR/m2),Продава 3-СТАЕН,2-ри от 7,Строителство: Тухла
"град Велико Търново, Център",112 000 EUR,94 m2,(1191 EUR/m2),Продава 3-СТАЕН,1-ви от 7,Строителство: Тухла
"град Велико Търново, Център",114 000 EUR,94 m2,(1213 EUR/m2),Продава 3-СТАЕН,2-ри от 7,"Строителство: Тухла, 2000 г."
"град Велико Търново, Център",114 000 EUR,97 m2,(1175 EUR/m2),Продава 3-СТАЕН,2-ри от 6,"Строителство: Тухла, 2010 г."
"град Велико Търново, Център",114 000 EUR,94 m2,(1213 EUR/m2),Продава 3-СТАЕН,2-ри от 8,Строителство: Тухла
"град Велико Търново, Център",114 000 EUR,94 m2,(1213 EUR/m2),Продава 3-СТАЕН,1-ви от 5,"Строителство: Тухла, 2010 г."
"град Велико Търново, Център",114 000 EUR,94 m2,(1213 EUR/m2),Продава 3-СТАЕН,2-ри от 7,Строителство: Тухла
"град Велико Търново, Център",114 000 EUR,94 m2,(1213 EUR/m2),Продава 3-СТАЕН,2-ри от 2,Строителство: Тухла
"град Велико Търново, Център",114 000 EUR,93 m2,(1226 EUR/m2),Продава 3-СТАЕН,1-ви от 6,Строителство: Тухла
"град Велико Търново, Център",114 000 EUR,94 m2,(1213 EUR/m2),Продава 3-СТАЕН,1-ви от 7,Строителство: Тухла
"град Велико Търново, Център",115 000 EUR,94 m2,(1223 EUR/m2),Продава 3-СТАЕН,2-ри от 6,Газ: НЕ
"град Велико Търново, Център",115 000 EUR,94 m2,(1223 EUR/m2),Продава 3-СТАЕН,"Тухла, 2010 г.","
"
"град Велико Търново, Център",115 000 EUR,95 m2,(1211 EUR/m2),Продава 3-СТАЕН,Тухла,"
"
"град Велико Търново, Център",115 350 EUR,94 m2,(1227 EUR/m2),Продава 3-СТАЕН,Тухла,"
"
"град Велико Търново, Център",118 500 EUR,135 m2,(878 EUR/m2),Продава 3-СТАЕН,7-ми от 7,Строителство: Тухла
"град Велико Търново, Център",119 000 EUR,135 m2,(881 EUR/m2),Продава 3-СТАЕН,6-ти от 6,Газ: НЕ
"град Велико Търново, Център",120 000 EUR,120 m2,(1000 EUR/m2),Продава 3-СТАЕН,5-ти от 8,"Строителство: Тухла, 2019 г."
"град Велико Търново, Център",120 000 EUR,108 m2,(1111 EUR/m2),Продава 3-СТАЕН,Тухла,"
"
"град Велико Търново, Център",120 000 EUR,120 m2,(1000 EUR/m2),Продава 3-СТАЕН,2-ри от 8,"Строителство: Тухла, 2010 г."
"град Велико Търново, Център",120 000 EUR,120 m2,(1000 EUR/m2),Продава 3-СТАЕН,"Тухла, 2019 г.","
"
"град Велико Търново, Център",126 000 EUR,90 m2,(1400 EUR/m2),Продава 3-СТАЕН,4-ти от 4,Газ: НЕ
"град Велико Търново, Център",129 500 EUR,90 m2,(1439 EUR/m2),Продава 3-СТАЕН,6-ти от 7,Строителство: Тухла
"град Велико Търново, Център",130 000 EUR,100 m2,(1300 EUR/m2),Продава 3-СТАЕН,6-ти от 7,"Строителство: Тухла, 2005 г."
"град Велико Търново, Център",130 000 EUR,92 m2,(1413 EUR/m2),Продава 3-СТАЕН,6-ти от 7,"Строителство: Тухла, 2005 г."
"град Велико Търново, Център",130 000 EUR,140 m2,(929 EUR/m2),Продава 3-СТАЕН,6-ти от 7,Строителство: Тухла
"град Велико Търново, Център, ХЕИ",130 000 EUR,139 m2,(935 EUR/m2),Продава 3-СТАЕН,2-ри от 6,Газ: ДА
"град Велико Търново, Център",131 000 EUR,92 m2,(1424 EUR/m2),Продава 3-СТАЕН,6-ти от 7,"Строителство: Тухла, 2005 г."
"град Велико Търново, Център",131 500 EUR,92 m2,(1429 EUR/m2),Продава 3-СТАЕН,6-ти от 7,"Строителство: Тухла, 2007 г."
"град Велико Търново, Център",131 850 EUR,92 m2,(1433 EUR/m2),Продава 3-СТАЕН,6-ти от 7,Строителство: Тухла
"град Велико Търново, Център",131 850 EUR,92 m2,(1433 EUR/m2),Продава 3-СТАЕН,6-ти от 7,Строителство: Тухла
"град Велико Търново, Център",131 900 EUR,92 m2,(1434 EUR/m2),Продава 3-СТАЕН,6-ти от 7,Строителство: Тухла
"град Велико Търново, Център",132 000 EUR,92 m2,(1435 EUR/m2),Продава 3-СТАЕН,6-ти от 7,Газ: НЕ
"град Велико Търново, Център",132 000 EUR,92 m2,(1435 EUR/m2),Продава 3-СТАЕН,6-ти от 7,Строителство: Тухла
"град Велико Търново, Център",135 000 EUR,105 m2,(1286 EUR/m2),Продава 3-СТАЕН,3-ти от 10,"Строителство: Тухла, 2020 г."
"град Велико Търново, Център",139 000 EUR,120 m2,(1158 EUR/m2),Продава 3-СТАЕН,3-ти от 3,Строителство: Тухла
"град Велико Търново, Център",148 000 EUR,130 m2,(1138 EUR/m2),Продава 3-СТАЕН,Тухла,"
"
"град Велико Търново, Център",148 000 EUR,122 m2,(1213 EUR/m2),Продава 3-СТАЕН,6-ти от 6,Газ: ДА
"град Велико Търново, Център",149 990 EUR,140 m2,(1071 EUR/m2),Продава 3-СТАЕН,Тухла,"
"
"град Велико Търново, Център",150 000 EUR,120 m2,(1250 EUR/m2),Продава 3-СТАЕН,Тухла,"
"
"град Велико Търново, Център",150 000 EUR,90 m2,(1667 EUR/m2),Продава 3-СТАЕН,6-ти от 7,Строителство: Тухла
"град Велико Търново, Център",154 000 EUR,110 m2,(1400 EUR/m2),Продава 3-СТАЕН,1-ви от 4,Газ: ДА
"град Велико Търново, Център",155 000 EUR,101 m2,(1535 EUR/m2),Продава 3-СТАЕН,Тухла,"
"
"град Велико Търново, Център",167 000 EUR,143 m2,(1168 EUR/m2),Продава 3-СТАЕН,2-ри от 4,"Строителство: Тухла, 2008 г."
"град Велико Търново, Център",167 000 EUR,100 m2,(1670 EUR/m2),Продава 3-СТАЕН,2-ри от 5,Газ: ДА
"град Велико Търново, Център",169 000 EUR,160 m2,(1056 EUR/m2),Продава 3-СТАЕН,5-ти от 6,Газ: ДА
"град Велико Търново, Център",169 000 EUR,175 m2,(966 EUR/m2),Продава 3-СТАЕН,Тухла,"
"
"град Велико Търново, Център",170 000 EUR,110 m2,(1545 EUR/m2),Продава 3-СТАЕН,"Тухла, 2015 г.","
"
"град Велико Търново, Център, Широк Център",170 000 EUR,120 m2,(1417 EUR/m2),Продава 3-СТАЕН,2-ри от 4,Газ: ДА
"град Велико Търново, Център",170 000 EUR,109 m2,(1560 EUR/m2),Продава 3-СТАЕН,4-ти от 7,"Строителство: Тухла, 2012 г."
"град Велико Търново, Център",170 000 EUR,115 m2,(1478 EUR/m2),Продава 3-СТАЕН,Тухла,"
"
"град Велико Търново, Център",170 000 EUR,110 m2,(1545 EUR/m2),Продава 3-СТАЕН,5-ти от 7,Строителство: Тухла
"град Велико Търново, Център",170 000 EUR,206 m2,(825 EUR/m2),Продава 3-СТАЕН,Тухла,"
"
"град Велико Търново, Център",170 000 EUR,110 m2,(1545 EUR/m2),Продава 3-СТАЕН,5-ти от 7,Строителство: Тухла
"град Велико Търново, Център",170 000 EUR,197 m2,(863 EUR/m2),Продава 3-СТАЕН,5-ти от 5,Газ: ДА
"град Велико Търново, Център",170 000 EUR,110 m2,(1545 EUR/m2),Продава 3-СТАЕН,Тухла,"
"
"град Велико Търново, Център",170 000 EUR,110 m2,(1545 EUR/m2),Продава 3-СТАЕН,5-ти от 7,Строителство: Тухла
"град Велико Търново, Център",250 000 EUR,110 m2,(2273 EUR/m2),Продава 3-СТАЕН,5-ти от 9,Газ: ДА
"град Велико Търново, Чолаковци",42 000 EUR,68 m2,(618 EUR/m2),Продава 3-СТАЕН,3-ти от 6,Газ: НЕ
"град Велико Търново, Чолаковци",84 000 лв.,78 m2,(1077 лв./m2),Продава 3-СТАЕН,1-ви от 6,Газ: НЕ
"град Велико Търново, Чолаковци",43 500 EUR,68 m2,(640 EUR/m2),Продава 3-СТАЕН,3-ти от 6,"Строителство: Панел, 1970 г."
"град Велико Търново, Чолаковци, УЛ БЯЛА БОНА 1А",45 000 EUR,67 m2,(672 EUR/m2),Продава 3-СТАЕН,1-ви от 6,ТEЦ: Лок.отопл.
"град Велико Търново, Чолаковци",45 000 EUR,64 m2,(703 EUR/m2),Продава 3-СТАЕН,Панел,"
"
"град Велико Търново, Чолаковци",46 000 EUR,65 m2,(708 EUR/m2),Продава 3-СТАЕН,1-ви от 7,Строителство: Тухла
"град Велико Търново, Акация",93 000 EUR,120 m2,(775 EUR/m2),Продава 4-СТАЕН,"Тухла, 1985 г.","
"
"град Велико Търново, Акация",95 000 EUR,120 m2,(792 EUR/m2),Продава 4-СТАЕН,Тухла,"
"
"град Велико Търново, Акация",112 200 EUR,125 m2,(898 EUR/m2),Продава 4-СТАЕН,2-ри от 3,Газ: ДА
"град Велико Търново, Акация",129 000 EUR,141 m2,(915 EUR/m2),Продава 4-СТАЕН,1-ви от 2,Строителство: Тухла
"град Велико Търново, Акация",129 000 EUR,105 m2,(1229 EUR/m2),Продава 4-СТАЕН,1-ви от 3,Газ: ДА
"град Велико Търново, Акация",130 000 EUR,160 m2,(813 EUR/m2),Продава 4-СТАЕН,1-ви от 3,Строителство: Тухла
"град Велико Търново, Бузлуджа",107 500 лв.,80 m2,(1344 лв./m2),Продава 4-СТАЕН,Панел,"
"
"град Велико Търново, Бузлуджа",72 000 EUR,127 m2,(567 EUR/m2),Продава 4-СТАЕН,Тухла,"
"
"град Велико Търново, Бузлуджа",72 000 EUR,110 m2,(655 EUR/m2),Продава 4-СТАЕН,Тухла,"
"
"град Велико Търново, Бузлуджа, Пазара",75 000 EUR,110 m2,(682 EUR/m2),Продава 4-СТАЕН,4-ти от 4,"Строителство: Тухла, 1990 г."
"град Велико Търново, Бузлуджа",85 000 EUR,120 m2,(708 EUR/m2),Продава 4-СТАЕН,5-ти от 5,"Строителство: Тухла, 1986 г."
"град Велико Търново, Бузлуджа, център",87 500 EUR,103 m2,(850 EUR/m2),Продава 4-СТАЕН,5-ти от 5,Строителство: Тухла
"град Велико Търново, Бузлуджа",91 868 EUR,141 m2,(652 EUR/m2),Продава 4-СТАЕН,1-ви от 5,Газ: ДА
"град Велико Търново, Бузлуджа",91 868 EUR,142 m2,(647 EUR/m2),Продава 4-СТАЕН,2-ри от 5,Газ: ДА
"град Велико Търново, Бузлуджа",91 869 EUR,141 m2,(652 EUR/m2),Продава 4-СТАЕН,Тухла,"
"
"град Велико Търново, Бузлуджа",95 000 EUR,148 m2,(642 EUR/m2),Продава 4-СТАЕН,Тухла,"
"
"град Велико Търново, Бузлуджа",95 000 EUR,150 m2,(633 EUR/m2),Продава 4-СТАЕН,5-ти от 5,Строителство: Тухла
"град Велико Търново, Бузлуджа",96 084 EUR,141 m2,(681 EUR/m2),Продава 4-СТАЕН,4-ти от 5,Газ: ДА
"град Велико Търново, Бузлуджа",99 500 EUR,142 m2,(701 EUR/m2),Продава 4-СТАЕН,Тухла,"
"
"град Велико Търново, Бузлуджа",99 519 EUR,142 m2,(701 EUR/m2),Продава 4-СТАЕН,3-ти от 5,"Строителство: Тухла, 2021 г."
"град Велико Търново, Бузлуджа",99 990 EUR,134 m2,(746 EUR/m2),Продава 4-СТАЕН,5-ти от 6,Строителство: Тухла
"град Велико Търново, Бузлуджа",105 000 EUR,150 m2,(700 EUR/m2),Продава 4-СТАЕН,6-ти от 6,Строителство: Тухла
"град Велико Търново, Бузлуджа",105 000 EUR,150 m2,(700 EUR/m2),Продава 4-СТАЕН,Тухла,"
"
"град Велико Търново, Бузлуджа",105 000 EUR,150 m2,(700 EUR/m2),Продава 4-СТАЕН,6-ти от 6,Газ: НЕ
"град Велико Търново, Бузлуджа, Качица",105 000 EUR,150 m2,(700 EUR/m2),Продава 4-СТАЕН,6-ти от 6,"Строителство: Тухла, 2015 г."
"град Велико Търново, Бузлуджа",105 000 EUR,136 m2,(772 EUR/m2),Продава 4-СТАЕН,8-ми от 8,Строителство: Тухла
"град Велико Търново, Бузлуджа",115 000 EUR,190 m2,(605 EUR/m2),Продава 4-СТАЕН,3-ти от 4,ТEЦ: Лок.отопл.
"град Велико Търново, Бузлуджа",140 000 EUR,244 m2,(574 EUR/m2),Продава 4-СТАЕН,5-ти от 5,Газ: ДА
"град Велико Търново, Зона Б",80 000 EUR,97 m2,(825 EUR/m2),Продава 4-СТАЕН,Тухла,"
"
"град Велико Търново, Зона Б",160 000 EUR,342 m2,(468 EUR/m2),Продава 4-СТАЕН,4-ти от 4,"Строителство: Тухла, 2010 г."
"град Велико Търново, Зона Б",,122 m2,,Продава 4-СТАЕН,Тухла,"
"
"град Велико Търново, Картала",140 000 EUR,111 m2,(1261 EUR/m2),Продава 4-СТАЕН,2-ри от 2,Газ: НЕ
"град Велико Търново, Колю Фичето",70 000 EUR,84 m2,(833 EUR/m2),Продава 4-СТАЕН,14-ти от 16,Газ: НЕ
"град Велико Търново, Колю Фичето",70 000 EUR,79 m2,(886 EUR/m2),Продава 4-СТАЕН,14-ти от 15,Строителство: Тухла
"град Велико Търново, Колю Фичето",149 999 EUR,101 m2,(1485 EUR/m2),Продава 4-СТАЕН,"Тухла, 1993 г.","
"
"град Велико Търново, Колю Фичето",169 000 EUR,134 m2,(1261 EUR/m2),Продава 4-СТАЕН,2-ри от 6,Строителство: Тухла
"град Велико Търново, Света гора",49 000 EUR,98 m2,(500 EUR/m2),Продава 4-СТАЕН,2-ри от 2,Газ: НЕ
"град Велико Търново, Стара част, Икономически техникум",67 000 EUR,100 m2,(670 EUR/m2),Продава 4-СТАЕН,1-ви от 3,"Строителство: Тухла, 1968 г."
"град Велико Търново, Стара част",149 000 EUR,176 m2,(847 EUR/m2),Продава 4-СТАЕН,"Тухла, 2004 г.","
"
"град Велико Търново, Център",65 000 EUR,95 m2,(684 EUR/m2),Продава 4-СТАЕН,2-ри от 6,Газ: ДА
"град Велико Търново, Център",69 000 EUR,103 m2,(670 EUR/m2),Продава 4-СТАЕН,Тухла,"
"
"град Велико Търново, Център",73 500 EUR,133 m2,(553 EUR/m2),Продава 4-СТАЕН,Тухла,"
"
"град Велико Търново, Център, бул.'България'",74 000 EUR,91 m2,(813 EUR/m2),Продава 4-СТАЕН,Тухла,"
"
"град Велико Търново, Център, Стадиона",75 200 EUR,105 m2,(716 EUR/m2),Продава 4-СТАЕН,1-ви от 5,ТEЦ: Прокарва се
"град Велико Търново, Център",150 000 лв.,90 m2,(1667 лв./m2),Продава 4-СТАЕН,5-ти от 5,Строителство: Тухла
"град Велико Търново, Център, Пожарната",80 000 EUR,120 m2,(667 EUR/m2),Продава 4-СТАЕН,4-ти от 5,Газ: НЕ
"град Велико Търново, Център",83 000 EUR,113 m2,(735 EUR/m2),Продава 4-СТАЕН,1-ви от 3,"Строителство: Гредоред, 1980 г."
"град Велико Търново, Център, Широк Център",85 000 EUR,100 m2,(850 EUR/m2),Продава 4-СТАЕН,3-ти от 3,Строителство: Тухла
"град Велико Търново, Център, Широк център",85 500 EUR,93 m2,(919 EUR/m2),Продава 4-СТАЕН,2-ри от 5,Газ: НЕ
"град Велико Търново, Център",87 500 EUR,123 m2,(711 EUR/m2),Продава 4-СТАЕН,Тухла,"
"
"град Велико Търново, Център, Стадиона",89 000 EUR,112 m2,(795 EUR/m2),Продава 4-СТАЕН,Тухла,"
"
"град Велико Търново, Център",89 000 EUR,102 m2,(873 EUR/m2),Продава 4-СТАЕН,5-ти от 8,Строителство: Тухла
"град Велико Търново, Център",89 500 EUR,110 m2,(814 EUR/m2),Продава 4-СТАЕН,3-ти от 4,Газ: ДА
"град Велико Търново, Център",90 000 EUR,100 m2,(900 EUR/m2),Продава 4-СТАЕН,2-ри от 3,"Строителство: Тухла, 1960 г."
"град Велико Търново, Център",93 000 EUR,120 m2,(775 EUR/m2),Продава 4-СТАЕН,3-ти от 4,Строителство: Тухла
"град Велико Търново, Център",93 000 EUR,100 m2,(930 EUR/m2),Продава 4-СТАЕН,3-ти от 4,Газ: НЕ
"град Велико Търново, Център",93 000 EUR,100 m2,(930 EUR/m2),Продава 4-СТАЕН,3-ти от 4,Строителство: Тухла
"град Велико Търново, Център",93 000 EUR,90 m2,(1033 EUR/m2),Продава 4-СТАЕН,3-ти от 4,Строителство: Тухла
"град Велико Търново, Център",93 000 EUR,110 m2,(845 EUR/m2),Продава 4-СТАЕН,3-ти от 4,Строителство: Тухла
"град Велико Търново, Център, до поликлиниката",93 000 EUR,120 m2,(775 EUR/m2),Продава 4-СТАЕН,"Тухла, 1965 г.","
"
"град Велико Търново, Център",93 000 EUR,100 m2,(930 EUR/m2),Продава 4-СТАЕН,3-ти от 4,Строителство: Тухла
"град Велико Търново, Център",94 000 EUR,85 m2,(1106 EUR/m2),Продава 4-СТАЕН,5-ти от 7,Строителство: Тухла
"град Велико Търново, Център",94 000 EUR,130 m2,(723 EUR/m2),Продава 4-СТАЕН,Тухла,"
"
"град Велико Търново, Център, Нова Болница/Сп.Зала",95 000 EUR,126 m2,(754 EUR/m2),Продава 4-СТАЕН,Тухла,"
"
"град Велико Търново, Център",105 000 EUR,95 m2,(1105 EUR/m2),Продава 4-СТАЕН,1-ви от 3,"Строителство: Тухла, 1970 г."
"град Велико Търново, Център",109 058 EUR,80 m2,(1363 EUR/m2),Продава 4-СТАЕН,1-ви от 7,Строителство: Панел
"град Велико Търново, Център",110 000 EUR,131 m2,(840 EUR/m2),Продава 4-СТАЕН,4-ти от 4,"Строителство: Тухла, 1978 г."
"град Велико Търново, Център",113 500 EUR,98 m2,(1158 EUR/m2),Продава 4-СТАЕН,Тухла,"
"
"град Велико Търново, Център",118 000 EUR,122 m2,(967 EUR/m2),Продава 4-СТАЕН,Тухла,"
"
"град Велико Търново, Център, Дружба",120 000 EUR,107 m2,(1121 EUR/m2),Продава 4-СТАЕН,2-ри от 7,"Строителство: Тухла, 2010 г."
"град Велико Търново, Център, до парк",120 000 EUR,120 m2,(1000 EUR/m2),Продава 4-СТАЕН,"Тухла, 2010 г.","
"
"град Велико Търново, Център",124 000 EUR,88 m2,(1409 EUR/m2),Продава 4-СТАЕН,Тухла,"
"
"град Велико Търново, Център",127 000 EUR,105 m2,(1210 EUR/m2),Продава 4-СТАЕН,"Тухла, 1975 г.","
"
"град Велико Търново, Център, топ център",133 000 EUR,110 m2,(1209 EUR/m2),Продава 4-СТАЕН,2-ри от 5,"Строителство: Тухла, 1970 г."
"град Велико Търново, Център",135 000 EUR,125 m2,(1080 EUR/m2),Продава 4-СТАЕН,2-ри от 3,Строителство: Тухла
"град Велико Търново, Център",150 000 EUR,120 m2,(1250 EUR/m2),Продава 4-СТАЕН,Тухла,"
"
"град Велико Търново, Център",150 000 EUR,126 m2,(1190 EUR/m2),Продава 4-СТАЕН,3-ти от 3,Строителство: Тухла
"град Велико Търново, Център",165 000 EUR,151 m2,(1093 EUR/m2),Продава 4-СТАЕН,Тухла,"
"
"град Велико Търново, Център, бул. България",165 000 EUR,149 m2,(1107 EUR/m2),Продава 4-СТАЕН,Тухла,"
"
"град Велико Търново, Център, бул. България",165 000 EUR,149 m2,(1107 EUR/m2),Продава 4-СТАЕН,Тухла,"
"
